연구보고서명,발행일,연구책임자,보고서종류,국제표준도서번호,연구목적
[2025] 장애인삶 패널조사 이용자 안내서(1차-6차),2025-05-30,김현지,정책연구,978-89-6921-786-8(93330),장애인삶 패널조사의 기초 정보를 제공하고  통계조사로 부터 데이터가 생산되는 전 과정을 통계이용자에게 제공하여 데이터에 대한 이해를 높임으로 올바른 분석이 수행될 수 있도록 가이드를 제공하고자 함
[2024] 장애인정책 연구 공모사업 결과보고,2024-12-31,임해영 임상욱 전보영 ,정책연구,데이터 미집계,데이터 미집계
[2024] (용역) 정신질환자 주간활동서비스 도입방안 연구,2024-12-31,조윤화,용역연구,데이터 미집계,정신질환자 주간활동서비스 도입방안을 마련하여 지역사회 거주 정신질환자의 회복과 자립역량 강화 지원
[2024] 중증장애인직업재활지원사업 수행기관 유형 개편(안) 연구,2024-12-31,대구대학교 산학협력단,직업재활,978-89-6921-781-3(93300),중증장애인직업재활지원사업 수행기관의 효과적  효율적인 지원체계 마련
[2024] Post-인천전략 수립 및 이행 방안 연구,2024-12-31,이명희,정책연구,978-89-6921-778-3,자카르타 선언 및 UNCRPD(유엔장애인권리협약)의 이행을 촉진하기 위한 국내외 협력 과제와 중장기 로드맵을 수립하여 장애포괄적 발전을 실현하며 한국의 UNCRPD 이행체계 및 Post-인천전략의 국가적 추진체계를 구축하기 위한 기초안을 제시
[2024] (용역) 장애인 의료기관 이용편의 접근성 제고 방안 연구,2024-12-31,조윤화 ,용역연구 ,데이터 미집계,장애인의 의료기관 이용편의 역할 및 기능 강화 방안과 장애유형별 의료기관 이용 접근성 제고 
[2024] 유니버설디자인(UD)제품인증을 위한 기초연구,2024-12-31,안성준,편의증진,978-89-6921-523-9(93540),제품 분야의 유니버설디자인 적용 필요성을 강조하고  이의 제도화 및 기존 제도와의 연계 방안 제안을 통해 편의증진 관련 산업 활성화 방향 제안
[2024] 고령장애인 개인 가구 특성 및 욕구에 따른 장애인복지정책 개발 연구,2024-12-17,조윤화,정책연구,978-89-6921-026-5,고령장애인의 개인 가구 특성 및 욕구에 따른 장애인복지정책 개발
[2024] 중증장애인의 병원 입원 시 간병지원 실태 및 지원방안 연구 ,2024-12-17,조윤화,정책연구,978-89-6921-020-3,중증장애인의 병원 입원 시 가족의 간병서비스의 부담을 줄이기 위한 제도적 개편방안 고안
[2024] 제4차 장애인 안전 대책 강화 사업 결과보고서,2024-12-15,조윤화,정책연구,978-89-6921-782-0(93330),매뉴얼의 현장 적용을 통한 장애인 재난 안전 가이드를 고도화
[2024] 여성장애인의 생애주기별 맞춤형 건강관리방안 연구,2024-11-29,한기명,정책연구,978-89-6921-520-8,본 연구의 목적은 지역사회 내에 거주하고 있는 성인 여성장애인의 건강관리 현황을 진단하고  여성장애인의 실질적인 성 · 재생산 건강 확보를 위한 방안을 모색하는 것임
[2024] 2023년 장애인삶패널조사 공표 일정 사전 안내,2024-11-27,이혜경,정책연구,데이터 미집계,장애인의 장애등록 이후 삶의 변화를 파악하고 삶과 관련된 일상생활  소득수준  건강상태  복지욕구  사회참여 등의 탐색을 통해 향후 관련 정책의 수립 지원 과정에서 활용할 수 있는 기초자료를 마련하고자 함
[2024] 개인예산제 서비스 관리·운영 체계 마련 연구: 돌봄영역을 중심으로,2024-10-31,서원선,정책연구,978-89-6921-015-9(93330),해외의 개인예산제 하에서 적용하고 있는 돌봄서비스 관리  운영 체계를 파악하고 국내에 적용함에 있어 필요한 정책을 제언 하고자 함
[2024] 뇌성마비장애인 욕구조사,2024-10-31,김영수,정책연구,978-89-6921-015-9(93330),뇌성마비장애인의 욕구조사 실시하고 조사결과를 바탕으로 맞춤형 지원 방안을 제안하고자 함
[2024] 정신장애인 지역사회 자립을 위한 지원 방안 마련 연구: 동료지원쉼터중심으로,2024-10-31,서원선,정책연구,978-89-6921-016-6(93330),정신장애인동료지원쉼터의 운영방법  운영기준  인력기준 등을 제시하고  지역사회내에서 정신장애인이 추가적으로 필요한 서비스를 파악하여 정신장애인동료지원쉼터의 기능을 강화하고 지역사회 기관과 연계하는 것임
[2024] 지역사회 주거전환 장애인의 정신건강 지원방안 연구,2024-10-31,서원선,정책연구,978-89-6921-065-4(93330),본 연구의 목적은 시설에서 지역사회로 전환하여 지역사회에서 거주하는 장애인의 정신건강 관련 문제점을 파악하고 정신건강 지원 방안을 조사하여 장애인의 정신건강 유지를 위한 정책 및 제도를 제안하는 것임
[2024] 2024 장애통계연보,2024-09-30,곽나연,정책연구,3022-0645,장애통계연보는 장애인권리협약(CRPD)의 권리를 기반으로 하고  생애주기별 복지욕구에 기반한 다양한 통계 및 지표를 수집 및 생산하여 장애인복지정책을 제안하는데 기초자료로서 역할을 목적으로 함
[2024] 장애인삶 패널조사 이용자 안내서(1차-5차),2024-05-31,곽나연,정책연구,978-89-6921-516-1(93330),장애인삶 패널조사의 기초 정보를 제공하고  통계조사로 부터 데이터가 생산되는 전 과정을 통계이용자에게 제공하여 데이터에 대한 이해를 높임으로 올바른 분석이 수행될 수 있도록 가이드를 제공하고자 함
[2024] 2024년 장애인 빈곤 및 소득불평등 지표,2024-05-31,조윤화,정책연구,978-89-6921-013-5,2024년 장애인 빈곤 및 소득불평등 지표 분석
[2024] 2023 KODDI 연구요약집,2024-04-30,각 과제별 책임연구자,정책연구,데이터 미집계,2023 KODDI 연구요약집
[2023] 2023년 장애인편의시설 설치 현황조사,2024-04-12,안성준,편의증진,978-89-6921-508-6(93310),장애인 편의시설 설치 현황조사는 편의시설 설치 의무대상시설에 대해 편의시설 설치 현황을 파악하여 편의시설의 효율적 관리를 도모하고  향후 장애인 등의 이동 및 접근성 향상 관련 정책 개발 및 추진의 기초자료를 제공하는 것을 목적으로 함
[2024] 장애인 대상 감염병 대응 매뉴얼: 장애인거주시설을 중심으로,2024-03-31,조윤화,용역연구,데이터 미집계,거주시설 유형별 장애인 대상 감염병 대응 매뉴얼 마련
[2023] 장애인식개선교육 효과성 측정을 위한 지표개발 및 발전방안 연구,2024-02-15,이준우,정책연구,978-89-6921-017-3,장애인식개선교육 효과성 측정을 위한 지표개발 및 발전방안 연구를 목적으로함
[2023] 장애인복지법에 따른 장애인식개선교육 평가지표 개발 연구,2024-01-19,김가원,정책연구,978-89-6921-507-9,사회적 장애인식개선교육 활성화를 위한 평가지표 개발을 목적으로 함
[2024] IoT 기술활용 돌봄정책 발전방향 연구-장애인거주시설 IoT  AI활용 디지털 돌봄사업을 중심으로,2024-01-12,이혜경,정책연구,978-89-6921-515-4(93300),장애인·노인 등 집단거주시설은 코로나19 등 감염병 위험이 높으며  서비스 제공되지 않는 시간대에 돌봄 공백이 발생함에 따라 응급상황에 신속 대응할 수 있는 시스템의 마련 필요함. 이에 국내외 IoT기술 활용 돌봄 서비스 (공적/사적)유사서비스 분석하고 장애인 거주시설 IoT  AI활용 디지털 돌봄사업에 참여하는 시설 종사자와 관련 전문가를 대상으로 FGI를 실시하여 IoT기술 활용 돌봄사업의 정책방향을 모색하고자 함.
[2023] 2023년 장애인정책 연구 공모사업 결과보고서,2023-12-31,김기철 문영임 유은화,정책연구,데이터 미집계,데이터 미집계
[2023] 중증장애인 공공·민간 연계 신규일자리 창출사업 개선 방안 및 신규 업종 직무개발 ,2023-12-29,주식회사 플랜엠,직업재활,978-89-6921-511-6,중증장애인 공공·민간 연계 신규일자리 창출사업 개선 방안 및 신규 업종 직무개발 
[2023] 장애인거주시설에서 지역사회 주거서비스 제공기관으로의 변환 과정에 대한 성과 및 한계점 연구,2023-12-29,송승연,정책연구,978-89-6921-514-7(93330),시설 전환 컨설팅사업’에 참여하여 지역사회 중심 기관으로 변환을 추구해온 3개 시설(해맑은마음터(서울)  평화의집(부산)  더숨99지원센터(전북 군산))을 대상으로 분석하고자 하며  특히 2차년도 시범사업 신규 지역과 수행기관으로 선정된 군산 더숨99지원센터의 사례를 심층적으로 분석하고자 함
[2023] 장애인직업재활시설 실태조사,2023-12-29,이혜경,정책연구,978-89-6921-512-3(93300),직업재활시설 운영의 전반적 실태 파악하고 특히 종사자와 훈련장애인 및 훈련프로그램을 구체적으로 파악해 시설 운영에 필요한 지원기준 마련과 정책개발에 활용하고자함. 
[2023] 2022 장애인삶 패널조사,2023-12-27,김현지,정책연구,978-89-6921-502-4(93330),장애인의 장애등록 이후 삶의 변화를 파악하고  삶과 관련된 일상생활  소득수준  건강상태  복지욕구  사회참여 등의 탐색을 통해 향후 관련 정책의 수립 및 지원 과정에서 활용할 수 있는 기초자료를 마련하고자 함
[2023] 장애인 재난 안전 가이드 고도화 방안 연구,2023-12-15,이수연,정책연구,978-89-6921-012-8(93330),현장 모의적용(장애인 개인별 재난 안전 대피 계획 수립)을 통한 장애인 재난 안전 가이드 고도화
[2023] 장애인 재난안전지원체계 연구,2023-12-15,한기명,정책연구,978-89-6921-503-1(93330),본 연구는 국내 장애인 재난안전지원체계를 분석하고  실제 재난 상황을 경험한 장애인 당사자와 주변인을 중심으로 현행 장애인 재난안전지원체계의 문제점 및 개선방안을 도출하는 것임.
[2023] 중증장애인생산품 우선구매제도 개선 연구-공공기관 등을 중심으로,2023-12-15,이혜경,정책연구,978-89-6921-512-3,해외사례분석과 공공기관 중심의 조사를 통해 중증장애인생산품 우선구매제도 개선방안을 제시함으로써 제도의 실효성을 제고하고 중증장애인의 직업재활 도모를 위한 정책과제를 모색하고자 함
[2023] 장애인일자리사업 종합평가 연구,2023-12-08,남서울대학교 양숙미 교수,직업재활,978-89-6921-501-7(93330),장애인일자리사업 성과 분석 및 직무 재분류
[2023] 2022년 장애인삶패널조사 공표 일정 사전 안내,2023-11-30,김현지,정책연구,데이터 미집계,장애인의 장애등록 이후 삶의 변화를 파악하고 삶과 관련된 일상생활  소득수준  건강상태  복지욕구  사회참여 등의 탐색을 통해 향후 관련 정책의 수립 지원 과정에서 활용할 수 있는 기초자료를 마련하고자 함
[2023] 유엔장애인권리협약 일반논평(5 6호) 안내서,2023-10-31,유경민,정책연구,978-89-6921-491-1(93330),유엔장애인권리협약 일반논평(5 6호) 안내서
[2023] 연령대별 여성장애인의 경제활동 분석 및 개선방안 연구 보고서,2023-10-31,김영수,정책연구,978-89-6921-495-9(93330),연령대별로 여성장애인의 경제활동을 분석하고 개선방안 제안하고자 함
[2023] 장애포괄적 기후대응 정책 마련을 위한 기초연구,2023-10-31,이혜경,정책연구,978-89-6921-494-2(93330),장애포괄적인 기후대응 정책에 대한 기초연구 수행
[2023] 거주시설 퇴소 장애인 지역사회 자립 실태조사 연구,2023-10-31,서해정,정책연구,978-89-6921-513-0(93330),‘탈시설 장애인 지역사회 자립지원 로드맵’(보건복지부  2021) 발표 이후 거주시설 장애인의 지역사회 자립생활을 보장하는 것은 중요성을 지니게 됨. 그러나 현재까지 전국 단위에서의 거주시설 퇴소 장애인의 자립 현황 등의 기초자료는 부재한 상황임. 이를 위해 거주시설 퇴소 후 지역사회에서 생활하고 있는 장애인의 자립 실태를 조사하고  이를 분석하여 안정적이고 지속적인 지역사회 자립생활 유지를 위한 정책적 실천적 방안을 제시하고자 함. 
[2023] 장애인 이동패턴 분석을 통한 이동권 개선 연구 유동인구 데이터 분석을 중심으로,2023-10-31,서원선,정책연구,978-89-6921-496-6(93330),장애인 이동패턴 분석을 통하여 이동권에 대해서 개선방안을 모색하고자 함
[2023] 중증장애인생산품 생산시설 지정 및 재지정 심사기준 개선 연구,2023-10-31,서원선,정책연구,978-89-6921-497-3(93330),중증장애인생산품 생산시설을 지정 및 재지정하기 위한 심사 기준에 대하여 개선방안 마련하고자 함
[2023] 사람중심 장애인사용 자동차 표지 발급 개선 연구,2023-10-31,이혜경,정책연구,978-89-6921-498-0(93330),사람중심의 장애인사용 자동차표지 발급 제도에 대하여 국내 현황 및 해외사례를 조사하고 개선방안을 모색함
[2023] 장애인삶 패널조사 데이터 품질연구(2023),2023-10-31,김현지,정책연구,978-89-6921-490-4(93330),장애인삶 패널조사 데이터 품질 분석을 통해 데이터 품질 향상을 위한 시사점을 도출하고 5차년도 장애인삶 패널조사 가중치 부여 방안을 마련하고자 함
[2023] 중증장애인의 건강권 보장을 위한 의료기관 접근성 강화 방안 연구: 이동지원을 중심으로,2023-10-30,한기명,정책연구,978-89-6921-489-8(93330),지역사회 내에 거주하고 있는 중증장애인의 의료기관 이동 접근성을 강화하기 위해 의료기관 방문이 어려운 신체적  경제적 어려움 등을 수요자 관점에서 분석하고  실질적인 건강권 확보를 위한 합리적인 정책방안을 모색하고자 함
[2023] 개인예산제 적용방안에 관한 연구: 직접고용을 중심으로,2023-10-30,조윤화,정책연구,978-89-6921-492-8(93330),본 연구는 한국형 개인예산제 모형 구축 시 가장 쟁점이 되는 ‘민간에서의 돌봄제공인력 직접 고용’의 주요내용(가족 내 허용 기준  단가  품질관리 및 노무관리 인프라 등)을 해외사례와 질적 연구를 통해 살펴보고  직접 고용 실행을 위해 전제되어야 할 고용가능 돌봄인력 기준  인프라  품질유지 방안 등을 구체적으로 제시함으로써  당사자의 직접고용 실행을 위한 세부지원 방안을 모색하는 것임
[2023] 정신장애인의 일상생활 및 사회참여 확대를 위한 장애인활동지원제도 개편 방안 연구,2023-10-30,조윤화,정책연구,978-89-6921-011-1(93330),정신장애인 당사자 측면에서 활동지원제도의 문제점과 개선사항들을 탐색적 및 경험적 측면에서 분석하고자 함.
[2023] 장애인 활동지원사 전문성 제고방안 연구,2023-10-30,조윤화,정책연구,978-89-6921-488-1(93330),활동지원서비스 이용자들의 전문적 지원 욕구 증가에 따른 활동지원사의 전문성을 강화하기 위한 방안을 제시하고자 함
[2023] 고령장애인의 돌봄서비스 지원방안 연구,2023-10-30,조윤화,정책연구,978-89-6921-487-4(93330),고령장애인의 개념을 검토하고  ‘장애’와 ‘노화’로 인한 이중고를 겪고 있는 고령장애인을 위한 돌봄에 대한 국내외 정책 및 제도 활용 실태를 살펴봄으로써 고령장애인의 욕구 및 특성에 맞는 서비스 개선 및 신규서비스 발굴 등을 모색하고자 함.
[2023] 2023 장애통계연보,2023-09-30,김현지,정책연구,978-89-6921-484-3(93300),장애통계연보는 장애인권리협약(CRPD)의 권리를 기반으로 하고  생애주기별 복지욕구에 기반한 다양한 통계 및 지표를 수집 및 생산하여 장애인복지정책을 제안하는데 기초자료로서 역할을 목적으로 함
[2023] 국제장애인권리보장센터 설립 타당성 및 운영방안 연구,2023-09-27,이동석,정책연구,978-89-6921-008-1(93300),인천전략 주도국으로서의 성과를 정리하고  이를 지속적으로 확대·발전시킬 수 있는 '국제장애인권리보장센터' 설립의 타당성 및 정체성을 정립하고  센터의 구체적인 운영방안 모색
[2022] 지역장애아동지원센터 운영방안 연구,2023-06-30,석말숙,정책연구,978-89-6921-460-7, 연구에서는 지역장애아동지원센터 기능에 따른 공적 및 유관기관과의 전달체계 내  역할과 기능을 모색하고  장애아동복지지원법 및 관계 법령을 검토하여 효율적인 지역장애 아동지원센터 전달체계 정립을 위한 전문적 가이드라인을 제시하고자 함
[2022] 장애인삶 패널조사 이용자 안내서(1차-4차),2023-05-31,김현지,정책연구,978-89-6921-480-5(93330),장애인삶 패널조사의 기초 정보를 제공하고  통계조사로 부터 데이터가 생산되는 전 과정을 통계이용자에게 제공하여 데이터에 대한 이해를 높임으로 올바른 분석이 수행될 수 있도록 가이드를 제공하고자 함
[2023] 장애통계데이터 아카이브 구축 연구,2023-05-31,김현지,정책연구,978-89-6921-481-2(93330),장애통계데이터 아카이브 구축에 필요한 기초자료를 마련하기 위한 연구
[2023] 2022 KODDI 연구요약집,2023-04-28,각 과제별 책임연구자,정책연구,데이터 미집계,2022KODDI 연구요약집
[2023] 2022년 장애인 빈곤 및 소득불평등 지표,2023-04-07,조윤화,정책연구,978-89-6921-010-4(93330),본 연구는 2차 자료를 활용하여 전체인구  비장애인 인구  장애인구의 빈곤 및 소득불평등 지표를 분석하여  장애인복지정책 소득보장제도의 효과성을 파악할 수 있는 기초자료를 생산함
[2022] 중증장애인직업재활지원사업 성과분석 및 발전방안 연구,2022-12-31,나운환,직업재활,978-89-6921-475-1,중증장애인직업재활지원사업의 성과 종합 분석 및 평가를 통한 개선방안 및 중장기 발전방안 모색
[2022] 2022년 장애인정책 연구 공모사업 결과보고서,2022-12-31,"송준혁, 안문경, 박건우",기타,978-89-6921-462-1(93330),장애인의 생활과 밀접한 문제를 연구하고자 하는 개인 또는 단체의 연구자들을 지원하여 체감도 높은 이슈 발굴 및 적용 가능한 정책 도출
[2022] 2022 장애인백서,2022-12-31,김정희,정책연구,978-89-6921-461-4(93330),현재 진행되고 있는 장애인정책을 재조명하고 장애인복지 업무 및 정책 등을 체계적으로 종합할 수 있는 자료 제공을 목적으로 함
[2022] 제2차 장애인 재난안전 대책 강화 사업,2022-12-31,최승훈,정책연구,978-89-6921-471-3(93330),본 연구는 장애인구의 안전문화 확산을 위해 장애인 대상 재난안전 매뉴얼을 개정하고 정보접근성 강화를 위해 동영상으로 제작하고 배포함. 개정된 매뉴얼을 바탕으로 전국 중증장애인 가정에 방문해 매뉴얼을 통한 재난안전 교육 및 훈련을 제공하여 장애인구를 재난안전 사고로부터 보호하고자 함.
[2022] 2021 장애인삶 패널조사,2022-12-30,김정희,정책연구,978-89-6921-470-6(93330),장애인의 장애등록 이후 삶의 변화를 파악하고  삶과 관련된 일상생활  소득수준  건강상태  복지욕구  사회참여 등의 탐색을 통해 향후 관련 정책의 수립 및 지원 과정에서 활용할 수 있는 기초자료를 마련하고자 함
[2022] 장애물 없는 생활환경(BF)인증제도 인증 연장지표 개발 연구보고서,2022-12-30,김인순,정책연구,978-89-6921-427-0(93540),장애물 없는 생활환경(BF)인증제도 인증 연장지표 개발
[2022] 중증장애인 소득활동종합조사 시범사업 모니터링 연구,2022-12-30,조윤화,정책연구,978-89-6921-009-8(93330),본 연구는 비경제활동 중증장애인 발굴 정도  소득활동종합조사 결과와 서비스 연계 간 적절성  소득활동조합조사 이후 제공되는 취업 및 훈련 내용  소득창출 정도  비경제활동 중증장애인의 시범사업 참여 의미 등을 분석하여 중증장애인 소득활동종합조사 시범사업 효과성을 파악하는 것임
[2022] 중증장애인직업재활지원사업의 확장현실(XR) 적용기반 마련 기초연구,2022-12-30,전주대학교 김동현,직업재활,978-89-8448-196-1(93500),직업적응훈련 중심 확장현실을 적용한 재활교육사업의 모델 제시
[2022] 중증장애인생산품 생산시설 생산능력 분석 연구,2022-12-23,이혜경,정책연구,978-89-6921-468-3(93330),중증장애인생산시설 생산능력 확인 및 우선구매제도개선 
[2022] 중증장애인생산품 우선구매 실태조사 ,2022-12-23,이혜경,정책연구,978-89-6921-467-6(93330),중증장애인생산품 우선구매 실태조사를 실시함
[2022] 거주시설 장애인의 자립생활 지원체계 강화 방안 연구,2022-12-20,서해정,정책연구,978-89-6921-474-4(93330),거주시설 장애인의 지역사회 자립생활을 지원하기 위해 전국 광역단위에서의 지역사회 기반 자립생활지원 전달체계와 지원 서비스 및 자원 조사 등의 기초자료가 마련될 필요가 있음. 이를 위해 문헌조사 및 행정자료 등을 분석하여 탈시설 장애인의 지역사회 자립지원을 위한 전달체계의 법제화 및 지침개정 등의 방안을 제시하고자 함
[2022] 중도·중증장애인 장기입원 실태조사 연구: 중추신경계 손상 환자를 중심으로,2022-12-16,한기명,정책연구,978-89-6921-466-9(93330),본 연구는 불의의 사고 또는 질환으로 중도의 심한 장애의 결과를 초래하는 회복기 재활환자 중 중추신경계 손상환자를 중도장애인으로 정의하고  장기입원을 유지하는 환자의 특성과 의료비 지출현황 등 의료이용 측면에서 장애인 건강권법 도입 효과성을 확인함으로써 환자의 삶의 질 개선을 위해 정부 차원에서의 정책대안을 모색하고자 함.
[2022] 2021년 장애인삶패널조사 공표 일정 사전 안내,2022-11-30,김정희,정책연구,데이터 미집계,장애인의 장애등록 이후 삶의 변화를 파악하고 삶과 관련된 일상생활  소득수준  건강상태  복지욕구  사회참여 등의 탐색을 통해 향후 관련 정책의 수립지원 과정에서 활용할 수 있는 기초자료를 마련하고자 함
[2022] 유엔장애인권리협약 일반논평(3 4호) 안내서,2022-11-30,유경민,정책연구,978-89-6921-459-1(93330),유엔장애인권리협약 일반논평(3 4호) 안내서
[2022] 장애인일자리 정책환경 변화에 따른 발전방안 연구,2022-11-01,남서울대학교 양숙미 교수 ,직업재활,978-89-6921-455-3(93330) ,장애인일자리 정책환경 변화에 따른 장애인일자리사업 발전 방안 제시
[2022] 호흡기장애인 지원방안 모색 연구 보고서,2022-10-31,서원선,정책연구,978-89-6921-451-5(93330),호흡기장애인의 일상생활의 어려움을 이해하고 관련 제도 개선을 위한 방안 제시
[2022] 장애인복지법 제15조 개정에 따른 정신장애인 자립생활 지원 방안 연구: 자립생활센터 역할을 중심으로,2022-10-31,조윤화,정책연구,978-89-6921-446-1(93330),본 연구는 장애인복지법 제15조 개정에 의해 정신장애인의 지역사회 내 정착을 위해서 자립생활센터의 장기적인 역할과 방향을 제시하기 위함.
[2022] 윤석열 정부 국정과제 현안 연구,2022-10-31,"이혜경, 조윤화, 서원선, 한기명, 최승훈, 이수연",정책연구,978-89-6921-457-7(93330),윤석열 정부 국정과제의 이행과 촉진을 위해 활용될 수 있는 정책방향과 과제 제시
[2022] 탄소중립 녹색사회를 위한 장애계 대응 방안 연구,2022-10-31,이혜경,정책연구,978-89-6921-452-2(93330),탄소중립 실현을 위한 정책에서 장애인이 잠재적으로 소외되지 않도록  장애인을 고려한 정책이 수립될 수 있도록  장애계에서 실천할 수 있는 탄소중립 녹색사회를 위한 방안을 제시하는데 있음.
[2022] 장애인등록제도 개편방안 연구,2022-10-31,조윤화,정책연구,978-89-6921-445-4(93330),본 연구는 장애인등록제도의 역할과 쟁점을 파악하고  장애인의 선택권 확보를 위해 장단기 측면에서 장애인등록제도의 개편방안을 모색하고자 함.
[2022] 디지털 시대 장애인 정보격차 해소를 위한 방안 마련 연구,2022-10-31,서원선,정책연구,978-89-6921-453-9(93330),장애인의 일상생활 중 경험하는 정보격차 및 정보이용의 어려움을 파악하고 정책 개선점을 도출하는데 있음.
[2022] 장애인생산품 판매시설 평가방안 연구,2022-10-31,이혜경,정책연구,978-89-6921-449-2(93330),장애인생산품 판매시설의 평가 방안 마련 
[2022] 지역발달장애인지원센터 사업 평가지표 개발 및 운영체계 연구,2022-10-31,유경민,정책연구,978-89-6921-454-6(93330),지역발달장애인지원센터 사업평가 지표 개발 및 평가운영의 신뢰성  타당성 확보를 위한 연구를 수행하여  객관적 자료를 도출하고 이를 기반으로 향후 서비스 질 관리 방안 마련 등의 기초자료로서 활용가능하도록 함
[2022] 진행성 근육장애인의 보건 복지 욕구 파악을 위한 연구,2022-10-31,서원선,정책연구,978-89-6921-450-8(93330),근육질환에 따른 근육장애인의 보건 복지 욕구 파악을 위한 연구
[2022] 장애유형별 운동프로그램 개발 연구(Ⅱ): 시각장애인을 중심으로,2022-10-31,한기명,정책연구,978-89-6921-448-5(93330),코로나19 이후 장애인 편의시설을 갖춘 장소가 중단되거나 운영 규모를 축소하면서 비대면 컨텐츠를 통한 요구도가 증가하고 있는 반면  시각장애인이 이용하기에는 어려움이 많은 상황임. 이에 시각장애인 당사자가 직접 참여하는 운동프로그램 개발을 통해 당사자에게 적합한 비대면 컨텐츠를 제공하고자 함. 
[2022] 중도.중증장애인의 지역사회복귀 지원방안 연구,2022-10-31,한기명,정책연구,978-89-6921-447-8(93330),본 연구는 불의의 사고 또는 질환으로 중도의 심한 장애의 결과를 초래하는 회복기 재활환자를 대상으로 이들의 재활의료기관 입원 경험  지역사회돌봄 서비스 수혜 경험  지역사회 복귀를 위해 필요한 지원 등을 확인함으로써 성공적인 지역사회 복귀 지원방안을 모색하고자 함.
[2022] 2021 장애인 빈곤 및 소득불평등 지표 연구,2022-10-31,조윤화,정책연구,978-89-6921-458-4(93330),본 연구는 2차 자료를 활용하여 전체인구  비장애인 인구에서의 장애인구의 빈곤 및 소득불평등 지표를 분석하여 장애인복지정책 소득보장제도의 효과성을 파악할 수 있는 기초자료를 생산하고자 함
[2022] 장애인삶 패널조사 데이터 품질연구,2022-10-31,김현지,정책연구,978-89-6921-456-0(93330),데이터 품질 분석을 통한 체계적인 표본 관리의 일환으로 4차 년도 장애인삶 패널조사 가중치 부여 방안을 마련하고  통계청의 통계품질진단 결과를 분석하여 장애인삶 패널조사를 위한 개선방안을 도출하고자 함
[2022] 2022 장애통계연보,2022-09-30,김현지,정책연구,978-89-6921-444-7(93330),장애통계연보는 장애인권리협약(CRPD)의 권리를 기반으로 하고  생애주기별 복지욕구에 기반한 다양한 통계 및 지표를 수집 및 생산하여 장애인복지정책을 제안하는데 기초자료로서 역할을 목적으로 함
[2022] 장애인삶 패널조사 이용자 안내서(1차~3차),2022-05-31,김현지,정책연구,978-89-6921-007-4(93330) ,장애인삶 패널조사의 기초 정보를 제공하고  통계조사로 부터 데이터가 생산되는 전 과정을 통계이용자에게 제공하여 데이터에 대한 이해를 높임으로 올바른 분석이 수행될 수 있도록 가이드를 제공하고자 함
[2021] 지역장애아동지원센터 설치 및 운영을 위한 기초연구 ,2022-05-02,한국보건사회연구원 황주희 부연구위원 ,연구보고서 ,978-89-6921-437-9(93330),지역장애아동지원센터의 역할과 기능 모색 및 기존 장애아동 지원체계의 현황과 잼점을 검토하여 지역장애아동지원센터 시범사업(안)을 제시하고자 함. 
[2021] 장애아동 발달재활서비스 효과성 및 개선방안 연구,2022-05-02,서울대학교 김동일 교수 ,연구보고서 ,978-89-6921-436-2(93330),발달재활서비스 효과성 평가지표 개발 및 성과분석을 통한 발달재활서비스 사업의 주요 정책 개선방안을 제시하고자 함.  
[2022] 2021 KODDI 연구요약집 ,2022-04-29,각 과제별 책임연구자 ,자료,978-89-6921-438-6(93330)  ,본 원에서 2021년 한해 동안 수행한 연구보고서의 요약 
[2021] 2021년 장애인정책 연구 공모사업 결과보고서,2021-12-31,"최성남, 전미자",기타,978-89-6921-425-6(93330),장애인의 생활과 밀접한 문제를 연구하고자 하는 개인 또는 단체의 연구자들을 지원하여 체감도 높은 이슈 발굴 및 적용 가능한 정책 도출
[2021] 중증장애인직업재활지원사업 운영매뉴얼_수정본,2021-12-31,이혜경,정책연구,978-89-6921-440-9,중증장애인직업재활지원사업의 운영 매뉴얼
[2021] 2020 장애인삶 패널조사,2021-12-31,김정희,정책연구,978-89-6921-431-7(93330),장애인의 장애등록 이후 삶의 변화를 파악하고  삶과 관련된 일상생활  소득수준  건강상태  복지욕구  사회참여 등의 탐색을 통해 향후 관련 정책의 수립 및 지원 과정에서 활용할 수 있는 기초자료를 마련하고자 함
[2021] 장애인 재난안전 대책 강화 사업,2021-12-31,강정배,정책연구,978-89-6921-432-4(93330),장애인 재난 안전가이드 5종 개발 및 개선  홍보  장애인 재난대피계획 시범사업 수립
[2021] 거주시설 장애인 복지환경 기초조사 연구,2021-12-31,서해정,정책연구,978-89-6921-006-7,지역사회 복지자원 및 환경 분석을 통한 거주시설 변환 방안 및 지역사회 장애인 자립지원 방안 제안
[2021] 탈시설 장애인 지원을 위한 매뉴얼 개발 기초연구,2021-12-24,서해정,정책연구,978-89-6921-005-0(13330),장애인의 탈시설 및 거주 전환에 대한 실질적인 업무를 위한 매뉴얼 개발 기초연구 수행
[2021] 장애인 편의시설 상세표준도 수정2판,2021-12-14,김인순,편의증진,978-89-6921-322-8,장애인등편의법 제14조제2항에 따라 편의시설 상세표준도를 작성하여 보급함. 건축물에 대한 편의시설 상세표준도는 해당 편의시설에 관한 건축법 제23조제4항에 따른 표준설계도서로 봄.
[2021] 2020년 장애인 빈곤 및 소득불평등 지표,2021-12-10,조윤화,정책연구,978-89-6921-427-0(93330),본 연구는 2차 자료를 활용하여 전체인구  비장애인 인구에서의 장애인구의 빈곤 및 소득불평등 지표와 장애인 내 장애유형 및 장애정도별 빈곤지수 및 소득불평등 수준 등의 두 측면에서 분석(2020년 장애인실태조사 공개 시)하여  장애인복지정책 소득보장제도의 효과성을 파악할 수 있는 기초자료를 생산하고자 함
[2021] 2020년 장애인삶패널조사 공표 일정 사전 안내 ,2021-12-01,김정희,정책연구,데이터 미집계,장애인의 장애등록 이후 삶의 변화를 파악하고 삶과 관련된 일상생활  소득수준  건강상태  복지욕구  사회참여 등의 탐색을 통해 향후 관련 정책의 수립지원 과정에서 활용할 수 있는 기초자료를 마련하고자 함
[2021] 서울시 장애인 탈시설 종단연구(2021),2021-11-30,김현지,정책연구,978-89-6921-423-2(93330) ,탈시설 장애인을 대상으로 종단조사를 실시하여 지역사회 정착과정과 삶을 분석
[2021] 장애학생 진로직업 연계 직업평가체계 구축 연구,2021-11-30,대구대학교 나운환 교수,직업재활,978-89-6921-424-9,1) 진로·직업재활서비스 원스톱서비스를 위한 지역 단위 체계 구축방안 제시  2) 지역 단위 진로·직업체계를 지원할 수 있는 중앙정부 전달체계의 연계방안 제시  3) '20년 개발한 요양보호  임가공  바리스타 직무 현장평가지에 대한 현장 적용성 평가를 통해 각 직무별 현장평가 실시기준 제시  4) 추가로 발달장애인이 다수 진입할 수 있는 직무에 대해 현장평가를 위한 체크리스트 개발
[2021] 유엔장애인권리협약 일반논평(1 2호) 안내서,2021-11-30,유경민,정책연구,978-89-6921-422-5(93330),일반논평(General Comments)은 법적구속력은 없지만 해당 인권조약에 대한 이해와 충실한 이행을 위해서 반드시 숙지해야 할 문서로서  유엔장애인권리위원회가 채택한 일반논평의 이해와 이행을 촉진하고  장애인 인권 증진을 위해서 그 책무를 지닌 사람들을 대상으로 포괄적 내용의 일반논평에 대한 사례를 추가하여 그 내용에 대한 이해를 돕고  협약이행을 안내하고자 함  
[2021] 발달장애인 개인별지원계획 모델 개발 연구,2021-10-31,강정배,정책연구,978-89-6921-004-3(93330),본 연구에서는 발달장애인지원센터에서 기존에 축적된 자료를 기반으로 발달장애인 욕구에 맞는 정책 마련을 위한 분석을 실시하여  이를  기반으로 개인별지원계획의 수립 과정에서 과거의 기록에 기반한 유사사례 추천을 통한 개인별지원계획 작성의 효율화 모델을 제안하고자 한다.
[2021] 척수장애인을 위한 통합사례관리모델 개발 연구,2021-10-31,한기명,정책연구,978-89-6921-411-9(93330),기존 통합사례관리 모델의 문제점을 지적하고  척수장애인의 관리와 지역사회 안착을 위한 통합사례관리 모델을 개발하고자 함.
[2021] 장애인복지법 제도권 밖 소수자의 복지욕구 관한 연구Ⅲ: 중증 피부질환 및 장애인등록체계 개편을 중심으로,2021-10-31,조윤화,정책연구,978-89-6921-409-6(93330),피부질환으로 인한 어려움을 가진 대상자들의 일상생활 및 사회참여 제약의 수준을 양적 및 질적으로 살펴보고  이를 토대로 우리나라 장애인복지법의 장애등록체계의 개편 방안을 모색하고자 함
[2021] 위기 정신장애인의 지역사회정착을 위한 지원체계 연구,2021-10-31,조윤화,정책연구,978-89-6921-413-3(93330),정신장애인의 위기 개념을 재정립한 후  국내외의 위기지원체계 현황을 분석하고  FGI와 실태조사 방법을 통해 정신장애인의 위기 현황을 조사한 후  이들의 욕구와 경험을 토대로 위기 정신장애인의 지역사회 정착을 위한 지원체계 모델을 제시하고자 함
[2021] 비대면 운동 중재프로그램 적용 및 효과성 검증 연구: 지체장애인을 중심으로,2021-10-31,한기명,정책연구,978-89-6921-408-9(93330),본 연구는 코로나 19 장기화에 따른 비대면 방식의 장애인 운동 프로그램이 절실한 실정임에 따라 비대면 방식의 운동 중재프로그램을 적용하고  지체장애인들의 건강체력에 대한 변화를 통해 효과성을 검증하는 것임
[2021] 지역사회 장애인 대상 비의료 건강관리서비스 운영 실태조사 연구: 비대면 서비스를 중심으로,2021-10-31,한기명,정책연구,978-89-6921-414-0(93330),본 연구는 기존의 면대면 방식의 건강관리서비스를 제공하였던 장애인 서비스 제공기관을 중심으로 비의료 건강관리서비스의 비대면 방식 전환 여부  전환 시 어려운 점과 필요한 지원 등을 파악함으로써 단계적 일상회복(위드 코로나) 단계에서 장애인을 위한 보다 질적이고  효율적인 건강관리서비스를 제공하기 위한 개선방안을 찾고자 하였음.
[2021] 성인발달장애인 낮시간서비스 개선을 위한 연구,2021-10-30,서원선,정책연구,978-89-6921-419-5(93330),성인발달장애인의 낮시간서비스에 대한 개선방안 제시하기 위함
[2021] 포스트 코로나 시대의 장애인복지관 운영방향 연구,2021-10-30,서원선,정책연구,978-89-6921-421-8(93330),코로나시대의 장애인복지관에서의 스마트 운영 방향 모색
[2021] 탈시설 장애인을 위한 주거지원체계 구축방안 연구,2021-10-30,서해정,정책연구,978-89-6921-418-8(93330),탈시설을 준비하고 있는 장애인에게 필요한 주거지원체계 구축방안을 모색하는 것을 주 목적을 둠
[2021] 감염병 시대의 장애인 고용 및 직업재활서비스 대응 방안 연구,2021-10-30,이혜경,정책연구,978-89-6921-415-7(93330),감염병 시대의 장애인 고용 및 직업재활서비스의 대응방안을 모색하기 위함
[2021] 시각장애인 보행지도사 자격제도 및 보행지도서비스 개선을 위한 연구,2021-10-30,서원선,정책연구,978-89-6921-420-1(93330),시각장애인에게 필요한 보행지도사 양성을 위해 보행지도사 자격제도 및 보행지도서비스 개선 방안을 제시하고자 함
[2021] 지역사회 장애인 주거지원서비스 기준 개발 연구,2021-10-30,서해정,정책연구,978-89-6921-417-1(93330),지역사회 내의 장애인의 주거지원서비스에 대한 기준 개발에 주 목적을 둠
[2021] 장애아가족 양육지원사업 평가지표 개발 연구,2021-10-30,서해정,정책연구,978-89-6921-416-4(93330),장애아가족 양육지원사업에 대한 평가지표 개발을 주 목적을 둠
[2021] 장애인삶 패널조사 패널이탈 특성 및 종단가중치(3차년도) 연구,2021-10-29,김현지,정책연구,978-89-6921-410-2(93330),장애인삶 패널조사의 패널이탈 특성 분석하여 표본유지율 제고에 기여하고 3차년도 종단가중치 작성 방안 제시하고자 함
[2021] 발달장애인 도전적 행동 지원방안 연구,2021-10-29,강정배,정책연구,978-89-6921-412-6(93330),발달장애인의 심한 도전적 행동은 가족의 붕괴  동반자살 등의 심각한 사회문제를 초래함에도 지원체계가 부족했으며  특히 전문인력 부족은 제도 마련의 걸림돌이 됨. 따라서 도전적 행동을 지원하는 체계와 전문인력 양성체계를 제안함
[2021] 2021 장애통계연보,2021-09-30,김현지,정책연구,978-89-6921-406-5(93330),장애통계연보는 장애인권리협약(CRPD)의 권리를 기반으로 하고  생애주기별 복지욕구에 기반한 다양한 통계 및 지표를 수집 및 생산하여 장애인복지정책을 제안하는데 기초자료로서 역할을 목적으로 함
[2021] 장애인삶 패널조사 이용자 안내서,2021-06-30,김현지,정책연구,978-89-6921-405-8(93330),장애인삶 패널조사의 기초 정보를 제공하고  통계조사로 부터 데이터가 생산되는 전 과정을 통계이용자에게 제공하여 데이터에 대한 이해를 높임으로 올바른 분석이 수행될 수 있도록 가이드를 제공하고자 함
[2021] 2020 KODDI 연구요약집 ,2021-04-30,각 과제별 책임연구자 ,자료,978-89-6921-401-0(93330),본 원에서 2020년 한해 동안 수행한 연구보고서의 요약 
[2020] 팬데믹 시대(COVID-19) 발달장애인의 생활실태와 서비스 욕구변화 연구,2021-03-31,"부산대학교 사회복지학과 강사 조향숙, 울산광역시발달장애인지원센터장 김민경",위탁연구,978-89-6921-003-6,코로나19 팬데믹 상황에서 발달장애인과 가족의 일상생활과 복지서비스 욕구변화를 분석하고 서비스의 방향과 지원형태 개선방안을 제시
[2020] 장애인 편의시설 상세표준도 수정판,2020-12-31,김인순,편의증진,978-89-6921-322-8,장애인등편의법 제14조제2항에 따라 편의시설 상세표준도를 작성하여 보급함. 건축물에 대한 편의시설 상세표준도는 해당 편의시설에 관한 건축법 제23조제4항에 따른 표준설계도서로 봄.
[2020] 서울시 저소득 장애인 주거편의 지원사업,2020-12-31,김인순,편의증진,978-89-6921-395-2(13540),본 보고서는 한국장애인개발원이 서울특별시와 협약을 체결하여 서울시에 거주하고 있는 저소득 장애인의 주거편의를 제공한 내용을 포함함. 장애유형 및 장애정도  행동패턴 등을 고려한 맞춤형 주거편의 지원을 설계에서부터 시공까지 종합적으로 지원하여 장애인 주거환경 개선을 통한 삶의 질 향상에 기여하고자 함. 
[2020] 2019년 장애인삶 패널조사,2020-12-31,김정희,정책연구,978-89-6921-396-9(93330),장애인의 장애등록 이후 삶의 변화를 파악하고 삶과 관련된 일상생활  소득수준  건강상태  복지욕구  사회참여 등의 탐색을 통해 향후 관련 정책의 수립 및 지원 과정에서 활용할 수 있는 기초자료를 마련하고자 함
[2020] 인천전략이행기금사업 평가 및 장애포괄적 국제개발협력 지속 방안 연구,2020-12-15,곽재성,사업평가,데이터 미집계,인천전략이행기금사업 평가 및 장애포괄적 국제개발협력 지속 방안 연구
[2020] 공공·민간 연계 중증장애인 신규일자리 창출 사업 성과분석 및 활성화 방안 연구,2020-12-14,(주)한국사회가치 평가,직업재활,978-89-6921-391-4,1. 중증장애인 신규일자리 창출사업의 성과제고 2. 객관적인 성과측정 기준 마련을 통한 사회 경제적 가치 측정 3. 신규직무 개발 등 중증장애인의 지속가능한 일자리 창출 활성화 방안 모색
[2020] 2019년 장애인삶패널조사 공표 일정 사전 안내,2020-12-10,김정희,정책연구,데이터 미집계,장애인의 장애등록 이후 삶의 변화를 파악하고 삶과 관련된 일상생활  소득수준  건강상태  복지욕구  사회참여 등의 탐색을 통해 향후 관련 정책의 수립지원 과정에서 활용할 수 있는 기초자료를 마련하고자 함
[2020] 장애인일자리사업 종합평가 연구 ,2020-12-04,한신대학교 이인재 교수,직업재활,978-89-6921-390-7(93330),장애인일자리사업의 경제적  사회적 가치 검증 등 사업성과 분석 
[2020] 서울시 장애인 탈시설 종단연구 (2020),2020-11-30,강정배,정책연구,978-89-6921-388-4(93330),탈시설 장애인을 대상으로 종단조사를 실시하여 지역사회 정착과정과 삶을 분석
[2020] 장애인직업재활시설 운영 방향성 연구,2020-10-30,이혜경,정책연구,978-89-692-1382-2(93330),장애인직업재활시설의 운영 방향성 제시
[2020] 재난취약 유형별 재난안전 매뉴얼 개선 및 보급방안 연구,2020-10-30,강정배,정책연구,978-89-6921-377-8(93330),재난 취약유형 중 ‘계단이동의 어려움’  ‘시각 정보 습득의 어려움’ 2개 유형의 재난 안전 매뉴얼 개발 및 장애 포괄적 국민행동요령 개선
[2020] OECD 회원국의 장애인연금 근로능력평가도구 비교 분석연구: ICF 개인 및 환경적 맥락을 중심으로,2020-10-30,조윤화,정책연구,978-89-6921-375-4(93330),OECD 주요 국가의 근로능력평가도구의 내용을 ICF 장애개념의 구성요소를 기반으로 비교분석 하여  개인 및 환경적 맥락의 지표를 도출하고  지표의 타당성을 구축하고자 함
[2020] 장애유형별 운동프로그램 개발: 지체장애인을 중심으로,2020-10-30,김지영,정책연구,978-89-6921-371-6(93330),지체장애인의 특성을 고려한 운동프로그램을 개발하고자 함
[2020] 장애인삶 패널조사를 위한 종단가중치 작성 방안 연구,2020-10-30,김현지,정책연구,978-89-6921-376-1(93330) ,장애인삶 패널조사의 종단분석에 필요한 2차 년도 종단가중치 작성을 위한 연구임
[2020] 장애인복지법 제도권 밖 소수자의 복지욕구에 관한 연구 Ⅱ: 포괄적 정신장애를 중심으로,2020-10-30,조윤화,정책연구,978-89-6921-372-3(93330),장애인복지법에서 포괄하고 있지 않는 정신장애인의 일상생활 및 사회참여의 제약 등을 분석하는 것으로  우선적으로 해외사례를 통해 한국의 정신장애범주 및 정책들을 고용  교육  의료  서비스 측면에서 진단하고  2차 자료의 재분석을 통해 정신장애인의 현황 및 특성 등을 분석한 후  그들의 복지욕구 및 일상생활의 경험을 토대로 장애인복지제도의 개선방안을 제안하고자 함
[2020] 뇌전증 장애인의 보건복지 욕구 파악을 위한 연구,2020-10-30,서원선,정책연구,978-89-692-1379-2(93330),뇌전증장애인의 보건 및 복지 욕구 및 현황을 이해하고 제도 개선을 위한 기초자료로 제시하기 위함
[2020] 장애인가구 빈곤수준 및 장애인연금 빈곤완화 효과에 관한 연구,2020-10-30,조윤화,정책연구,978-89-6921-373-0(93330),장애인가구의 빈곤수준을 장애인실태조사의 가처분소득을 기준으로 장애가구 및 장애유형 특성별로 분석하고자 함. 또한 2011년  2014년  2017년의 기간 동안의 장애인연금의 효과성을 분석하고  해외사례를 통한 비기여연금 급여 수준을 비교하여  향후 장애인연금의 방향성을 제안하고자 함
[2020] 뇌병변장애인의 의사소통 증진을 위한 지원방안 연구,2020-10-30,서원선,정책연구,978-89-692-1385-3(93330),뇌병변장애인의 의사소통 증진을 위한 지원방안을 목색하기 위함
[2020] 장애인콜택시 전국 통합 체계 마련을 위한 연구,2020-10-30,서원선,정책연구,978-89-692-1384-6(93330),장애인콜택시의 전국 통합체계 마련을 위한 연구
[2020] 장애등급제 폐지 시행에 따른 맞춤형 서비스 지원 방안-사례관리 및 자원연계를 중심으로,2020-10-30,서원선,정책연구,978-89-692-1386-0(93330),장애등급제 폐지에따라 복지관과 동주민센터와의 사례관리 및 자원연계 방안을 모색하고자 함.
[2020] 장애인 주간보호시설 종사자 직무분석 연구,2020-10-30,서해정,정책연구,978-89-692-1380-8(93330),장애인 주간보호시설 종사자의 직무 분석 연구
[2020] 장애인의 의료이용 및 의료비 지출에 영향을 미치는 요인에 관한 연구,2020-10-30,김지영,정책연구,978-89-6921-374-7(93330),장애인의 의료이용 및 의료비 지출 현황을 조사하고  이에 영향을 미치는 요인을 분석하고자 함
[2020] 장애아동을 위한 가정위탁지원제도 활성화 방안 연구,2020-10-30,서해정,정책연구,978-89-692-1383-9(93330),장애아동을 위한 가정위탁지원제도의 활성화 방안 모색
[2020] 장애인 단기거주시설 운영 실태조사 연구,2020-10-30,서해정,정책연구,978-89-692-1378-5(93330),장애인 단기거주시설 운영 실태조사
[2020] 장애인활동지원서비스의 방문재활서비스 신설에 대한 연구,2020-10-30,이혜경,정책연구,978-89-692-1381-5(93330),장애인활동지원서비스의 방문재활서비스 신설에 대한 연구
[2020] 2020 장애통계연보,2020-09-30,김현지,정책연구,978-89-6921-370-9(93330),장애통계연보는 장애인권리협약(CRPD)의 권리를 기반으로 하고  생애주기별 복지욕구에 기반한 다양한 통계 및 지표를 수집 및 생산하여 장애인복지정책을 제안하는데 기초자료로서 역할을 목적으로 함
[2020] 현장중심 직업재활센터 [나]유형 시범사업 성과분석 연구,2020-09-29,대구대학교 나운환 교수,직업재활,978-89-6921-369-3(93330),현장중심 직업재활센터 [나]유형 시범사업에 대한 성과를 분석함으로써  신규 유형 모델의 실제 적용성 검토 및 발전방안을 모색하고자 함
[2020] 2019 KODDI 연구요약집 ,2020-04-29,각 과제별 책임연구자 ,자료,978-89-6921-366-2(93330),본 원에서 2019년 한해 동안 수행한 연구보고서의 요약 
[2019] 2019 장애인백서,2019-12-31,김정희,정책연구 ,978-89-6921-357-0(93330),현재 진행되고 있는 장애인정책을 재조명하고 장애인복지 업무 및 정책 등을 체계적으로 종합할 수 있는 자료 제공을 목적으로 함
[2019] 2018년 장애인삶 패널조사,2019-12-31,김정희,정책연구,978-89-6921-317-4(93310),장애인의 장애등록 이후 삶의 변화를 파악하고 삶과 관련된 일상생활  소득수준  건강상태  복지욕구  사회참여 등의 탐색을 통해 향후 관련 정책의 수립지원 과정에서 활용할 수 있는 기초자료를 마련하고자 함
[2019] 2019 장애통계연보,2019-12-31,조윤화,정책연구,978-89-6921-362-4(93330),장애통계연보는 장애인권리협약(CRPD)의 권리를 기반으로 하고  생애주기별 복지욕구에 기반한 다양한 통계 및 지표를 수집 및 생산하여 장애인복지정책을 제안하는데 기초자료로서 역할을 목적으로 함
[2019] 중증장애인생산품 우선구매제도의 사회적 가치 및 효과성 분석 연구,2019-12-31,한밭대학교 이준우 교수,직업재활,979-11-9539-243-3,중증장애인생산품 우선구매제도의 사회적 가치에 대한 정의와 정체성 확립  비용·편익 분석을 통해 사업의 효율성 및 타당성 확보  사회적 가치 및 효과성 측정을 통한 문제점 및 강화방안 마련
[2019] 서울시 저소득 장애인 주거편의지원사업,2019-12-31,김인순,편의증진,978-89-6921-358-7(93540),본 보고서는 한국장애인개발원이 서울특별시와 협약을 체결하여 서울시에 거주하고 있는 저소득 장애인의 주거편의를 제공한 내용을 담은 것으로 장애유형 및 장애정도  행동패턴 등을 고려한 맞춤형 주거편의지원을 설계에서부터 시공까지 종합적으로 지원하여 장애인 주거환경 개선을 통한 삶의 질 향상에 기여하고자 함
[2019] 유니버설디자인(UD) 안내시스템 개발 및 구축을 위한 조사연구,2019-12-19,김인순,편의증진,978-89-6921-351-8(93360),본 보고서는 장애인등편의법 제8조 개정내용에 대응함과 동시에 이동 및 접근성 향상을 위하여 저시력인  고령자를 포함한 장애인등 모두를 고려한 편의시설 종류별 안내 내용과 UD가 적용된 안내표시 디자인 표준화 기준안을 제시하여  향후 장애인등 편의법 하위법령 개정시 근거로 활용하는 것을 목적으로 한다.
[2019] 중증장애인직업재활지원사업 성과분석 및 발전방안 연구,2019-11-29,대구대학교 나운환 교수,직업재활,978-89-6921-356-3(93330),중증장애인직업재활지원사업의 성과분석을 통한 사업의 효과성을 확인하고 이를 토대로 사업의 개선방향과 정책  전달체계의 개선방안 제시
[2019] 여성장애인 폭력피해자 지원을 위한 정책방안,2019-10-31,서해정,정책연구,978-89-6921-335-8(93330),여성장애인과 젠더기반 여성폭력에 대해서 살펴보고 폭력피해자 지원을 위한 정책 제안
[2019] 아동양육시설 퇴소 후 경계선지적기능아동의 지원방안 연구,2019-10-31,서해정,정책연구,978-89-6921-331-0(93330),경계선지적기능아동의 지원방안 마련 제언
[2019] 커뮤니케어를 통한 중증장애인의 탈병원 연구,2019-10-31,서원선,정책연구,978-89-6921-334-1(93330),척수장애인 및 뇌병변 장애인의 탈병원 과정을 이해하고 탈병원에 필요한 정책 및 제도 연구
[2019] 장애인 정신건강 증진을 위한 지원방안 연구,2019-10-31,서원선,정책연구,978-89-6921-332-7(93330),장애인 정신건강 유지를 위한 정신건강서비스 및 장애인복지서비스간 연계를 분석하고 정신건걍 증진을 위한 지원방안 제시
[2019] 장애인차별금지법과 상충되는 고용 관련 연구,2019-10-31,서원선,정책연구,978-89-6921-346-4(93330),장애인차별금지법과 상충되는 고용관련 법령 분석 연구
[2019] 신장장애인 욕구 및 실태조사 연구보고서,2019-10-31,서원선,정책연구,978-89-6921-342-6(93330),신장장애인의 욕구와 실태를 파악하기 위한 조사 
[2019] 서울시 장애인 탈시설 종단연구 (2019),2019-10-31,강정배,정책연구,978-89-6921-330-3(93330),탈시설 장애인을 대상으로 종단조사를 실시하여 지역사회 정착과정과 삶을 분석
[2019] 한국 장애출현율 개편방안에 관한 연구 - ICF장애개념을 기반으로,2019-10-31,조윤화,정책연구,978-89-6921-329-7(93330),한국의 손상 중심의 장애출현율 조사의 한계를 넘어  ICF 장애개념에 근접한 조사 도구를 통해 장애출현율을 측정함
[2019] 장애영향평가 지침 마련 연구,2019-10-31,이혜경,정책연구,978-89-6921-327-3(93330),장애포괄적 또는 장애인지적관점의 정책과 제도실행을 위한 지침 마련 
[2019] 장애인 맞춤 일자리 지원을 위한 지역일자리 탐색 연구,2019-10-31,이혜경,정책연구,978-89-6921-343-3(93300),장애인의 맞춤 일자리를 지원하기 위해서 지역내 일자리에 대한 탐색
[2019] 장애인복지법 제도권 밖 소수자의 복지욕구에 관한 연구-배제에서 포용으로,2019-10-31,조윤화,정책연구,978-89-6921-333-4(93330),장애인복지법에 배제된 잠재적 장애인복지정책 수요자의 범주와 욕구 조사 : 복합부위통증증후군(CRPS)  기면증  뚜렛증후군을 대상으로 함
[2019] 장애분야 빅데이터 활용을 위한 조사연구,2019-10-31,김현지,정책연구,978-89-6921-339-6(93330),장애분야 빅데이터 활용을 위한 기초자료 제공
[2019] 장애인 사회적 배제의 지수화 및 작동기제 연구,2019-10-31,조윤화,정책연구,978-89-6921-338-9(93330),자원 중심적인 빈곤 관점에서 확대된 분석틀인 사회적 배제관점으로 장애인의 삶을 면밀히 조망하고자 함
[2019] 장애인삶 패널조사 가중치 산정 방안 연구,2019-10-31,김현지,정책연구,978-89-6921-337-2(93330),장애인삶 패널조사의 1차년도 조사결과 분석에 필요한 가중치 작성
[2019] 장애인 개별운동프로그램 개발,2019-10-30,김지영,정책연구,978-89-6921-345-7(93330),장애인의 개별 맞춤형 운동프로그램 개발
[2019] 중증·중도장애인 가족지원 방안 -척수장애인 가족을 중심으로-,2019-10-30,서해정,정책연구,978-89-6921-328-0(93330),척수장애인 가족을 중심으로 중증·중도장애인 가족지원 방안 모색
[2019] 국내 장애인의 만성질환 및 건강행태 조사 연구,2019-10-30,김지영,정책연구,978-89-6921-336-5(93330),국내외 장애인의 만성질환 및 건강행태 및 사망위험 비교
[2019] 장애인주간보호시설 운영 현황 실태조사,2019-10-30,서해정,정책연구 ,978-89-6921-344-0(93330),장애인주간보호시설 운영 현황을 파악하기 위한 실태조사 실시
[2019] 장애아동 조기발견 모델 개발 연구,2019-10-30,강정배,정책연구,978-89-6921-341-9(93330),영유아 의료기관 검진기록 및 장애아동의 진료 경로를 분석하여 장애의 조기발견 모델을 개발함
[2019] 장애인 특별운송수단 지방자치단체 연계방안 연구,2019-10-30,강정배,정책연구,978-89-6921-340-2(93330),특별교통수단의 다양한 제약요소를 고려하여 자치단체 경계를 넘어 이동할 방안과 전국 통합운영 방안을 제안함
[2019] 국제장애인 권리 및 입법의 발달: 유엔장애인권리협약의 심층적 논의와 분석,2019-07-30,김형식,정책연구,978-89-6921-325-9(93330),유엔장애인권리협약의 심층 분석을 통해 본 협약에 대한 깊은 이해를 도모하고 권리와 국가 의무의 관계를 설명하며  협약을 통한 장애인 권리 향상과 향후 전망 및 과제를 논의함
[2019] 2018 KODDI 연구요약집 ,2019-03-31, 각 과제별 책임연구자 ,자료,978-89-6921-320-4(93330) ,본 원에서 2018년 한해 동안 수행한 연구보고서의 요약 
[2018] 서울시 저소득 장애인 주거편의지원사업,2018-12-31,김인순,편의증진,978-89-6921-313-6(93540),본 보고서는 한국장애인개발원이 서울특별시와 협약을 체결하여 서울시에 거주하고 있는 저소득 장애인의 주거편의를 제공한 내용을 담은 것으로 장애유형 및 장애정도  행동패턴 등을 고려한 맞춤형 주거편의지원을 설계에서부터 시공까지 종합적으로 지원하여 장애인 주거환경 개선을 통한 삶의 질 향상에 기여하고자 함
[2018] 장애학생 현장중심 맞춤형일자리사업 서비스 매뉴얼,2018-12-31,류정은,서비스 매뉴얼,978-89-6921-315-0(93330),장애학생 현장중심 맞춤형일자리사업 안내
[2018] 2018 장애통계연보,2018-12-27,조윤화,정책연구,978-89-6921-316-7(93330) ,장애통계연보는 장애인권리협약(CRPD)의 권리를 기반으로 하고  생애주기별 복지욕구에 기반한 다양한 통계 및 지표를 수집 및 생산하여 장애인복지정책을 제안하는데 기초자료로서 역할을 목적으로 함
[2018] 현장중심 직업재활센터사업 현황 분석 및 평가지표 개발 연구,2018-12-09,대구대학교 나운환 교수,위탁연구보고서,978-89-6921-314-3(93330),현장중심 직업재활센터사업이 중증장애인직업재활지원사업으로 편성됨에 따라 그 간 현황을 분석하여 중장기적 발전 방안을 제시하고  사업효과성 점검을 위해 평가지표를 개발하고자 함.
[2018] 문화유적지 무장애 공간 조성 연구,2018-11-30,김인순,편의증진,978-89-6921-301-3(95500),전통유산인 궁·능의 기존가치를 보존함과 동시에 문화유적지 각각의 특성을 고려하여 모든 시설이용자에게 편의를 제공할 수 있는 효율적인 개선방안 제시를 목적으로 함 
[2018] 복지.교육.고용 연계를 통한 장애인 취업지원 전달체계 구축 방안 연구,2018-11-30,이혜경,정책연구,978-89-6921-303-7(93330),장애인 취업지원 전달체계 구축 방안 연구
[2018] OECD국가 장애출현율 산출기준과 장애개념 관계성 연구: 한국  호주  독일  프랑스를 중심으로,2018-10-31,조윤화,정책연구,978-89-6921-298-6(93330),본 연구는 OECD 국가 중 한국  호주  독일  프랑스의 장애개념과 장애출현율 간의 관계를 법정 및 통계적 정의 측면에서 분석하여 국내 장애개념 및 장애출현율 산출기준 개선방안을 제안하고자 함
[2018] 사회서비스 영역의 ICF 기반 장애평가체계 비교연구,2018-10-31,조상은,정책연구,978-89-6921-297-9(93330),본 연구는 유럽 국가를 중심으로  장애 판정에서 서비스 연계로 이어지는 과정에서 ICF가 어떻게 도입되어 운영되고 조사표에 어떻게 반영되었는지 살펴봄으로써 향후 국내 장애평가체계 개편 및 서비스지원조사도구의 개발·보완 시 참고할 수 있는 기초자료 제공을 목적으로 함
[2018] 장애영향평가 도입을 위한 기초 연구,2018-10-31,이혜경,정책연구,978-89-6921-293-1(93330),‘장애인지제도 도입 및 운영방안’ 연구의 후속과제로  장애영향평가 분석이 가능한 영역을 확인하고  구체적 실행방안을 모색하기 위해 유사제도인 성별영향분석평가와 해외의 장애영향평가 관련 사례를 분석하여  장애영향평가 실행을 위한 방안을 제안하고자 함
[2018] 다문화가정의 장애아동 가족을 위한 지원방안 연구,2018-10-31,서해정,정책연구,978-89-6921-300-6(93330),다문화가족에서 장애아동이 있는 가정의 실태와 욕구를 살펴보고 그에 따른 정책적 제언을 제시하고자 함
[2018] 장애인거주시설 소규모화 실태 및 정책방안 연구,2018-10-31,서해정,정책연구,978-89-6921-299-3(93330),장애인거주시설의 소규모화 실태를 조사하여 소규모화 정책 방향과 구체적인 정책방안을 제시하고자 함
[2018] 장애인차별금지법과 상충되는 교육 관련 법령 연구,2018-10-30,서원선,정책연구,978-89-6921-292-4(93330),장애인차별금지법과 상충되는 교육 관련 법령 분석을 통해 입학.전학.전입.편입 관련 법령  교육 프로그램.서비스 관련 법령  정당한 편의 관련 법령  평가.진단.시험 관련 법령을 개정하고자 함
[2018] 최저임금 인상에 따른 장애인 직업재활시설 고용환경 변화 연구,2018-10-30,이수용,정책연구,978-89-6921-296-2(93330),지속적 인상이 예상되는 최저임금에 따른 직업재활시설의 고용환경 변화를 예측하고 이에 따른 대응방안을 모색하고자 함
[2018] 서울시 장애인 탈시설 종단 연구,2018-10-30,강정배,정책연구,978-89-6921-294-8(93330),탈시설 장애인의 지역사회 정착과정을 분석하기 위해 서울시 탈시설 정책인 자립생활주택 입소 대기자  입소자  퇴거자의 생활을 10년가 추적 조사하고자 함
[2018] 수어통역사 활성화 방안 연구,2018-10-30,서원선,정책연구,978-89-6921-295-5(93330) ,수어통역사의 활성화를 위해 현재 수어통역과 관련된 현황을 파악하고  수어통역사와 당사자를 기반으로 수어통역 환경의 양적 · 질적 증대를 위한 방안을 강구하는 것이 필요함
[2018] 장애물 없는 생활환경(Barrier-Free) 인증제도 지표개선방안 연구(도로 등),2018-09-28,김인순,편의증진,978-89-6921-291-7(93500),본 연구에서는 도로를 중심으로 BF인증의 현황 분석  법규 검토  인터뷰 등을 통해 평가지표에 관한 개선방안을 제시하는 것을 목적으로 함. 
[2018] 장애인패널조사 표본설계,2018-08-31,김현지,정책연구,978-89-6921-290-0(93310),장애인패널조사 표본설계를 통해 모든 법정장애유형 및 다양한 특성의 표본이 최종표본에 충분히 포함될 수 있으며  공표단위에 대한 모집단 대표성 확보  조사의 효율성(조사예산 및 일정)을 높일 수 있는 방안을 마련함
[2018] 장애인일자리사업 개편방향 연구,2018-06-30,이수용,정책연구,978-89-6921-288-7(93330),장애인일자리사업의 방향성을 탐색하여 유형개편(안)에 따른 세부지원 방안 제시
[2018] 장애인 여가활동증진을 위한 국내외 여행실태 및 개선방안 연구,2018-06-30,유경민,정책연구,978-89-6921-285-6(93330),장애인 여행에 있어서의 제약요인  장애인의 여행경험  여행희망  만족도 등에 대해 살펴보고 장애인 전문 여행사의 운영실태를 파악하여 향후 장애인 여행의 문제점 및 개선방안을 제시하고자 함
[2018] 장애인거주시설 장애청소년 자립지원 강화방안 연구,2018-06-30,서해정,정책연구 ,978-89-6921-287-0(93330),거주시설의 장애청소년 입소와 퇴소 및 자립지원 서비스 제공 현황 파악과 정첵적 제언 제시
[2018] 중증장애인직업재활지원사업-장애인일자리사업 연계 방안,2018-06-30,이혜경,정책연구,978-89-6921-283-2(93330),장애인일자리사업 참여자의 진입단계에서부터 사업종료 이후까지의 일련의 과정을 보다 전문적인 직업재활서비스를 제공함으로써 장애인일자리사업 참여자의 고용의 질을 제고하고  이를 위해 중증장애인직업재활사업 및 기존 직업재활서비스 전달체계와의 연계방안을 모색하고자 함
[2018] 한국과 일본의 장애인차별금지 법제 비교연구,2018-06-30,서원선,정책연구,978-89-6921-282-5(93330),한국의 장애인차별금지법과 일본의 장애자차별해소법의 조문을 분석하여 법적 내용과 관련된 정책적 및 제도적 특성이나 방향을 조사하여 제언하고자 함
[2018] 장루·요루 장애인의 복지욕구 및 정책방향,2018-06-30,조상은,정책연구,978-89-6921-284-9(93330),소수장애유형에 포함되는 장루·요루 장애인의 복지욕구가 다양한 영역에서 나타나고 있음에도 정책적 지원으로 연계되지 못하고 있는 상황임. 이에 장루·요루 장애인의 복지욕구를 파악하고 정책과제로 연결시킴으로써 향후 구체적인 지원정책 수립을 위한 기초자료로 활용하고자 함.
[2018] 장애인 지원서비스 품질관리 방안 연구,2018-06-30,강정배,정책연구,978-89-6921-289-4(93330),장애인 지원서비스 품질관리의 기초가 되는 품질지표 개발 관련 제언 제시
[2018] 장애인패널 예비조사,2018-05-31,강정배,정책연구,978-89-6921-281-8(93330),장애 발생에 따른 장애수용 과정과 사회관계 속에서 겪는 변화에 대해서 개인가족사회적 요인의 동태를 파악 하여  정책적으로 활용할 수 있는 기초자료를 확보하는데 그 목적이 있음
[2018] 장애인등의 이용이 가능한 화장실 개선 방향 연구,2018-04-13,류상오,편의증진,978-89-6921-279-5 93500,「장애인등편의법」 하위법령 개정에 따른 장애인화장실 유효바닥면적에 대해 실험조사와 현장조사를 통해 법적 기준에 대한 검증 및 방향성을 제시
[2018] 2017 KODDI 연구요약집(영문번역),2018-03-16,각 연구과제별 책임연구자,연구요약집,978-89-6921-278-8(93330),본원에서 2017년 한해 동안 수행한 연구보고서의 요약집을 영문번역함
[2018] 2017 KODDI 연구요약집,2018-02-28,각 과제별 책임연구자,자료,978-89-6921-276-4(93330),본 원에서 2017년 한해 동안 수행한 연구보고서의 요약
[2017] 서울시 저소득 장애인 주거편의지원사업,2017-12-31,김인순,편의증진,978-89-6921-267-2,본 보고서는 한국장애인개발원이 서울특별시와 협약을 체결하여 서울시에 거주하고 있는 저소득 장애인의 주거편의를 제공한 내용을 담은 것으로 장애유형 및 장애정도  행동패턴 등을 고려한 맞춤형 주거편의지원을 설계에서부터 시공까지 종합적으로 지원하여 장애인 주거환경 개선을 통한 삶의 질 향상에 기여하고자 함
[2017] 2017 장애인백서,2017-12-31,김정희,정책연구,978-89-6921-273-3(93330),현재 진행되고 있는 장애인정책을 재조명하고 장애인복지 업무 및 정책 등을 체계적으로 종합할 수 있는 자료 제공을 목적으로 함
[2017] 장애물 없는 생활환경 인증제도 지표개선 방안 연구,2017-12-31,김인순,편의증진,978-89-6921-266-5(93500),장애물 없는 생활환경 인증제도(여객시설)의 현황 분석을 통해 평가지표에 관한 세부적인 검증과 개선방안을 제시함
[2017] 2017 장애통계연보,2017-12-22,이수용,정책연구,978-89-6921-268-9(93330),장애통계연보는 장애인권리협약(CRPD)의 권리를 기반으로 하고  생애주기별 복지욕구에 기반한 다양한 통계 및 지표를 수집 및 생산하여 장애인복지정책을 제안하는데 기초자료로서 역할을 목적으로 함
[2017] 중증장애인 직업재활지원사업 평가체계 및 적정기준안 연구,2017-12-22,김민,정책연구,978-89-6921-265-8(93330),본 연구는 직업재활센터  직업평가센터  장애인단체  직업재활시설  직업능력개발 훈련기관을 중심으로 지원사업 평가체계를 개선하고 관련된 지표들의 적정기준안에 대해 제안함
[2017] 장애인일자리사업 종합평가 연구,2017-12-15,한신대학교 이인재 교수,위탁연구보고서,978-89-6921-271-9(93330),장애인일자리사업의 종합적인 성과분석을 통한 향후 발전방안 모색
[2017] 시청각중복장애인(Deaf-Blind)의 욕구 및 실태조사 연구,2017-10-31,서해정,정책연구,978-89-6921-262-7(93330),시청각중복장애인의 욕구와 생활실태 파악 및 제도개선 방안 제안
[2017] 척수장애인재활지원센터의 기능과 역할정립 연구,2017-10-31,서해정,정책연구,978-89-6921-254-2(93330),척수장애인재활지원센터의 기능 및 역할을 재정립하여 새로운 기능전환 안을 제시함
[2017] 장애인 가족지원 사업기관 운영방안 연구,2017-10-31,강정배,정책연구,978-89-6921-263-4(93330),장애인 가족지원 사업기관 운영방안을 제시함
[2017] 고령장애인 욕구조사 및 중장기 정책방향,2017-10-31,조상은,정책연구,978-89-6921-259-7(93330),고령장애인의 욕구와 가족돌봄제공자의 욕구를 파악하고 그에 따른 중장기 정책 방향을 제시함
[2017] 장애포괄적 재난위기관리 매뉴얼 및 지원체계 연구,2017-10-31,강정배,정책연구,978-89-6921-253-5(93330),장애인 재난 대응 매뉴얼 개발 및 지원체계 구축
[2017] 시각장애인의 직업재활을 위한 제도 개선 연구,2017-10-31,서원선,정책연구,978-89-6921-255-9(93330),시각장애인의 현행 직업재활 서비스 문제점을 분석하고 개선점을 도출함
[2017] 장애인 및 장애인 가족의 자살 예방을 위한 제도 개선 연구,2017-10-31,서원선,정책연구,978-89-6921-256-6(93330),장애인 및 장애인 가족의 자살 예방을 위한 보편적  선택적  집중적 중재방법 제시
[2017] 이용자 선택권 향상을 위한 장애인복지서비스 유연화 방안 연구,2017-10-31,이호선,정책연구,978-89-6921-252-8(93330),국외 장애인복지서비스의 유연화 현황을 분석하여 국내 장애인복지서비스의 유연화 방안을 제시함
[2017] 장애인지제도 도입 및 운영방안 연구,2017-10-31,이혜경,정책연구,978-89-6921-258-0(93330) ,장애인지적 관점에서의 정책과 계획의 수립  추진 필요성을 다시한번 확인하고  유사제도인 성인지제도와 장애인지제도 선행연구 분석  관련 전문가들의 의견조사를 종합하여 장애인지예산 및 장애영향평가 도입과 실행을 위한 추진 방향과 구체적 실행방안을 제시
[2017] ICF 기반의 장애사정체계 활용방안을 위한 기초연구: 해외사례를 중심으로,2017-10-31,조상은,정책연구,978-89-6921-258-0(93330) ,해외사례를 통한 ICF의 국내 활용방안에 대한 제언 제시
[2017] 정신장애인 직업재활서비스 개선방안 연구,2017-10-31,김민,정책연구,978-89-6921-246-7(93300),기존의 정신보건 서비스 전달체계 내에서 정신장애인 직업재활서비스의 발전 방향과 직업재활 수요-공급간 격차를 알아보고  격차를 해소하기 위한 정책방안을 마련하고자 함
[2017] 장애인 주거권 보장을 위한 주거권 지표개발 및 정책방안 연구,2017-10-31,이호선,정책연구,978-89-6921-261-0(93330),장애인 주거권 지표를 개발하여 이를 토대로 장애인 정책방향 및 방안을 제시함
[2017] 여성장애인 권리보장을 위한 법안 연구,2017-09-30,서해정,정책연구,978-89-6921-248-1,여성장애인지원법 제정의 타당성 및 쟁점 검토
[2017] 피해장애인 쉼터 설치 및 운영에 관한 연구,2017-09-30,유경민 ,정책연구,978-89-6921-249-8,장애인복지법 하위법령 개정안 마련 및 피해장애인 쉼터 운영매뉴얼을 개발하여  장애인 쉼터 기능 및 역할정립 하고 운영 내실화에 기여하고자 함
[2017] 기초생활수급 장애인을 위한 근로유인 해외 제도 분석 연구,2017-09-30,서원선,정책연구,978-89-6921-245-0(93330),기초생활수급 장애인을 위한 적절한 노동유인에 대한 해외제도 분석
[2017] 장애분야 공공부문 일자리 창출 연구  - 의무고용 적용제외 직종을 중심으로 -,2017-09-30,이수용,정책연구,978-89-6921-251-1,주요 의무고용 제외  직종을 중심으로 장애인 채용의 의미와 정당성에 관해 고찰함
[2017] 새 정부 장애인정책 주요 공약 분석,2017-09-30,이호선,정책연구,978-89-6921-250-4,새 정부 장애인정책 공약을 분석함으로써 새 정부 장애인정책 방향을 검토하여 바람직한 국정운영 방향을 제언하고자 함
[2017] 장애등급제 폐지 이후의 추진과제 및 정책방향,2017-09-30,조상은,정책연구,978-89-6921-247-4(93300),장애등급제 폐지와 관련하여 핵심쟁점과 추진실적현황을 살펴보고 그 이후 추진과제 및 정책방향을 제시하는데 주 목적을 둠
[2017] 장애인직업재활시설 재무회계 규칙 개선 연구,2017-08-31,이수용,정책연구,978-89-6921-244-3 ,현행 직업재활시설에서 이루어지는 재무회계의 실태를 파악하고 회계의 투명성과 효율화를 제고하기 위한 개선방안을 제시하는데 있음
[2017] 2016 KODDI 연구요약집(영문번역),2017-06-16,각 연구과제별 책임자,연구요약집,978-89-6921-242-9(93330),본원에서 2016년 한해동안 수행한 연구보고서의 요약집을 영문 번역함
[2017] 2016 KODDI 연구요약집,2017-03-17,각 과제별 책임연구자,정책연구,978-89-6921-240-5(93330),본 원에서 2016년 한해 동안 수행한 연구보고서의 요약집
[2016] 장애분야 국제개발협력 확대 방안 연구,2016-12-31,서원선,정책연구,978-89-6921-235-1(93330),인천전략 목표 10과 국제개발협력의 이념에 기초해 장애분야 국제개발협력 사업의 중요성을 인지하여 장애분야 국제개발협력 사업을 촉진할 수 있는 방법을 연구함.
[2016] 장애인 자살 예방을 위한 사례연구,2016-12-31,서원선,정책연구,978-89-6921-233-7,장애인 또는 장애인 가족 중 자살에 대한 경험이 있는 가구를 대상으로 심층적인 질적연구를 실시하여 실태를 파악하고  이를 통해 자살의 원인을 분석함으로써 대응 방안을 마련하고자 함.
[2016] 숙박시설의 유니버설디자인 적용을 통한 이용 활성화 방안 연구,2016-12-31,김인순,편의증진,978-89-6921-230-6,본 연구에서는 가능한 한 많은 사람이 숙박시설을 이용하는데 불편함이 없도록 하고  숙박시설에 유니버설디자인 요소 적용을 통하여 이용 활성화 방안을 제시하는 것을 목적으로 함
[2016] 장애인 재활체육 서비스체계 개선방안 연구,2016-12-31,서해정,정책연구,978-89-6921-238-2,정책연구
[2016] 서울시 저소득 장애인 주거편의지원사업,2016-12-31,김인순,편의증진,978-89-6921-228-3,본 보고서는 한국장애인개발원이 서울특별시와 협약을 체결하여 서울시에 거주하고 있는 저소득 장애인의 주거편의를 제공한 내용을 담은 것으로 장애유형 및 장애정도  행동패턴 등을 고려한 맞춤형 주거편의지원을 설계에서부터 시공까지 종합적으로 지원하여 장애인 주거환경 개선을 통한 삶의 질 향상에 기여하고자 함
[2016] 2016 중증장애인생산품 생산시설 실태조사,2016-12-31,고귀염,직업재활,978-89-6921-231-3(93330), 중증장애인생산품 생산시설 실태조사를 통해 생산시설 운영 및 생산품 판매 등의 객관적  종합적인 현황과 욕구 파악
[2016] 장애인일자리사업 평가체계 구축 연구,2016-12-31,김민,정책연구,978-89-6921-227-6(93330),취업취약계층인 장애인들에게 근로기회를 제공하고 가계수입에 도움이 되고  민간고용으로 성공적으로 전이가능하고  독립적인 생활을 유지하는 것을 목표로 하는 장애인일자리사업을  평가할 수 있는 지표를 제시하고 평가체계를 구축하는 것임.
[2016] 문화·예술에서의 장애차별 예방 매뉴얼,2016-12-31,최승철,정책연구,978-89-6921-234-4(93330),장애인이 문화·예술활동에 참여할 때 발생할 수 있는 차별이 무엇인지  문화·예술사업자는 장애인 고객에 대한 차별을 피하기 위해서 무엇을 해야 하는지에 대해 구체적이고 실용적인 지침을 제시함으로써 문화·예술활동 영역에서 장애인에 대한 차별을 금지하고 예방하는 데 기여하고자 함.
[2016] 장애인복지 패널 구축 연구,2016-12-31,강정배,정책연구,978-89-6921-236-8,장애인복지 패널 본조사에 앞서 조사표 구성 및 로드맵 구축
[2016] 장애인 편의시설 상세표준도,2016-12-31,김인순,편의증진,978-89-6921-322-8,장애인등편의법 제14조제2항에 따라 편의시설 상세표준도를 작성하여 보급함. 건축물에 대한 편의시설 상세표준도는 해당 편의시설에 관한 건축법 제23조제4항에 따른 표준설계도서로 봄.
[2016] 2016 장애통계연보,2016-12-30,조윤화,정책연구,978-89-6921-237-5,장애통계연보는 장애인권리협약(CRPD)의 권리를 기반으로 하고  생애주기별 복지욕구에 기반한 다양한 통계 및 지표를 수집 및 생산하여 장애인복지정책을 제안하는데 기초자료로서 역할을 목적으로 함
[2016] 중증장애인직업재활사업 예산지급 가이드라인 개발 연구 - 장애인직업재활시설을 중심으로,2016-12-30,이혜경,정책연구,978-89-6921-229-0 ,장애인직업재활시설의 예산지급 기준 개선방안 제시
[2016] 중증장애인직업재활지원사업의 효율성 분석 및 발전 방안,2016-12-10,우주형 교수,연구보고서,978-89-6921-223-8(93330),중증장애인직업재활지원사업의 효율성을 수행기관 유형별  사업별로 비교 분석하고 중증지원사업의 차별성과 발전 방안을 제시하여 새로운 변화를 모색하고자 함.
[2016] 학대피해장애아동 서비스지원체계 마련 연구,2016-11-30,서해정,정책연구,978-89-6921-224-5,장애아동에 대한 학대피해 현황을 파악하고 아동학대 방지 및 피해자 지원 서비스 체계에서 장애아동에 대한 지원에 있어서 문제점을 파악하고  이에 대한 개선방안을 제안하고자 함
[2016] 여성장애인 모성권 증진을 위한 임신  출산 지원 정책 연구,2016-11-30,서해정,정책연구,978-89-6921-225-2,여성장애인 모성권 증진을 위한 정책 개발
[2016] 장애포괄적 재난위기관리 매뉴얼 개발 연구 - 청각장애인을 중심으로 -,2016-11-30,김승완,정책연구,978-89-6921-226-9,재난발생으로 인한 안전욕구가 증가함에 따라 청각장애인이 재난 약자가 되지 않도록 표준화된 매뉴얼을 개발하는 데 목적을 둠.
[2016] 전동보장구 충전소 운영 효율화 방안 연구,2016-10-31,강정배,정책연구,978-89-6921-220-7(93300),전동보장구 충전소 설치 기준 및 운영 방안 마련
[2016] 장애인 보조기기 지원 및 활성화 방안 연구,2016-10-31,강정배,정책연구,978-89-6921-210-1(93300),2016년 12월 말 시행될 보조기기법에 기반하여 장애인 개개인에게 맞는 보조기기 지원방안 마련
[2016] 2015 KODDI 연구요약집(영문번역),2016-08-31,과제별 책임자,연구요약집,978-89-6921-218-4,본원에서 2015년 한해동안 수행한 연구보고서의 요약집을 영문번역함.
[2016] 장애인복지법 개정에 따른 시행령 및 시행규칙 개정 연구,2016-06-30,서원선,정책연구,978-89-6921-217-7,장애 인식개선 교육 및 시험편의 제공과 관련한 「장애인복지법」 개정에 따른 하위 시행령 및 시행규칙 개정을 위해 장애 전문가  장애 당사자  장애 단체 종사자들의 구체적인 의견을 조사하여 「장애인복지법」시행령 및 시행규칙 개정 방향을 제시하고자 함.
[2016] 2015 KODDI 연구요약집(국문),2016-04-29,과제별 책임자,연구요약집,978-89-6921-215-3 ,본원에서 2015년 한해동안 수행한 연구보고서의 요약집
[2015] 체육에서의 장애차별 예방 매뉴얼,2015-12-31,김승완 ,정책연구,978-89-6921-195-8,본 매뉴얼은 체육 영역에서 발생할 소지가 있는 장애차별이 무엇인지 지침 형태로 간략히 제시하고 이에 대한 이해를 돕는 구체적인 사례를 설명함으로써 이해 당사자들에게 장애차별에 대한 인식을 제고하고 장애차별 예방에 기여하고자 함
[2015] 농어촌 장애인 주택개조지원사업,2015-12-31,김인순,편의증진,978-89-6921-201-6,본 보고서는 한국장애인개발원이 보건복지부와 함께 전문기술자문단을 구성하여 15개 시·도에서 시행하는 주택개조 지원 사업의 대상가구를 직접 방문하여 대상자의 장애유형 및 실내생활특성 등을 종합적으로 고려하여 맞춤형 주택개조가 이루어 질 수 있도록 기술자문을 실시한 내용을 담은 것으로 저비용 고효율의 장애인 주택개조 수준향상에 기여하고자 함
[2015] 2015 장애인백서,2015-12-31,나영희,정책연구,978-89-6921-207-8(93330),현재 진행되고 있는 장애인정책을 재조명하고 장애인복지 업무 및 정책 등을 체계적으로 종합할 수 있는 자료 제공을 목적으로 함.
[2015] 장애인 직업재활 활성화를 위한 자격기준 연구,2015-12-31,이혜경,정책연구,978-89-6921-210-8(93330),직업재활 전문인력의 국가자격화 필요성을 검토하고  직업재활 전문가의 역할과 기능을 재정립하여  국가자격 도입 이후의 전문가 양성 및 관리 방안  직업재활 전문가의 배치기준 등을 모색하고자 함
[2015] 2015 장애통계연보,2015-12-31,조윤화,정책연구,978-89-6921-212-2,장애인 관련 주요 통계를 수집 및 분석함으로써  우리나라 장애인의 복지수준과 장애인 권리가 향상되고 있는지를 파악하고  향후 장애인 정책을 모니터링하기 위한 기본적인 자료를 구축하고자 함
[2015] 서울시 저소득 장애인 주거편의지원사업,2015-12-31,김인순,편의증진,978-89-6921-202-3,본 보고서는 한국장애인개발원이 서울특별시와 협약을 체결하여 서울시에 거주하고 있는 저소득 장애인의 주거편의를 제공한 내용을 담은 것으로 장애유형 및 장애정도  행동패턴 등을 고려한 맞춤형 주거편의지원을 설계에서부터 시공까지 종합적으로 지원하여 장애인 주거환경 개선을 통한 삶의 질 향상에 기여하고자 함
[2015] Barrier-Free 공원 인증지표 개선을 위한 연구,2015-12-31,김인순,편의증진,978-89-6921-203-0,본 연구에서는 기존의 BF 공원인증 지표를 실제 공원의 사례를 중심으로 분석하여 보다 합리적인 공원인증 지표 개선방안을 제시함으로써 공원 BF인증 활성화에 기여하고자 함
[2015] 장애인 고용 사회적기업 사례 연구,2015-12-31,김승완,정책연구,978-89-6921-209-2(93330),본 연구는 장애인 고용 사회적기업의 국내외 우수사례를 살펴봄으로써 중증장애인 고용의 대안이 될 수 있는 방안을 모색하고자 함. 아울러 이러한 성공사례에서 드러난 시사점을 바탕으로 중증장애인 고용 사회적기업의 방향성을 제시하고자 함.
[2015] 장애인감면할인서비스 지원기준 현황과 개선방안 연구,2015-12-31,조윤화,정책연구,978-89-6921-211-5(93330),장애등급제 폐지를 기반으로 우리나라 장애인 감면할인서비스의 가치와 원리를 새롭게 정립하고  서비스 목적에 따른 대상자 선정 기준 및 방식을 도출하고자 함
[2015] 장애인자립생활센터의 평가체계 개발 연구,2015-12-30,서해정,정책연구,978-89-6921-213-9(93330),장애인자립생활센터 사업의 성과를 드러낼 수 있도록 양적인 핵심성과 지표와 질적평가  이용자 평가 등 성과평가 체계를 개발하고자 함. 
[2015] 해외선진사례를 통한 직업재활센터 확충방안,2015-12-30,변경희,연구,978-89-6921-198-9(93330),미국의 선진적인 직업재활체계를 조사하여 우리나라의 시사점을 도출하고 직업재활센터 확대에 있어 적용점을 모색하는데 목적이 있다
[2015] 중증장애인 자립생활 지원체계 강화방안 연구,2015-12-30,서해정,정책연구,978-89-6921-214-6(93330),정부 및 민간 전달체계에서의 자립생활지원 정책과 사업 등의 현황을 분석하고 자립생활센터 관계자와 센터를 이용하고 있는 당사자의 의견수렴을 통해 정부의 중증장애인 자립생활지원 정책 수립의 방향과 로드맵을 제시하고  자립생활센터의 역할과 기능을 제안하고자 함. 
[2015] 직업재활시설 기능보강사업 현황과 개선방안,2015-12-18,이혜경,정책연구,978-89-6921-200-9(93330),보건복지부에서는 직업재활시설의 신축  증축  개보수공사  장비보강환경 개선과 기능 보강을 지원하기 위해 매년 기능보강사업을 실시하고 있음. 그러나 기능보강사업 지원금이 적절하게 집행되었는지에 대한 지도·감독 등 관리체계가 미비한 실정임. 따라서 기능보강사업에 대한 현황 분석을 통해 향후 기능보강사업의 개선방안을 마련하고자 함.
[2015] 현장수요연구-작업지도원으로 어머니가 참여하는 전환기 발달장애인 일터개발 연구,2015-12-18,로뎀직업재활센터 정신모,위탁연구,978-89-6921-197-2,발달장애인 취업 확대에 관한 선행연구의 미흡한 점을 보완하기 위해 장애인직업재활시설의 소독·방역  상주 청소의 서비스 직종을 개발해 전환기 발달장애인을 채용한 뒤 발달장애인의 어머니를 작업지도원으로 함께 고용해 직업 훈련 및 적응 과정을 도움으로써 발달장애인의 어머니가 작업지도원으로서 효과적으로 역할을 수행할 수 있는지 탐색하고 투입효과성을 입증하는 데 목적이 있음
[2015] 장애인구 추이 분석 및 장기 추계 전망을 위한 기초연구,2015-11-30,조윤화,정책연구,978-89-6921-196-5(93330),장애인구 변화에 따른 인구통계학적 분석과 다양한 분석방법을 이용한 장애인구 추계를 통해  장애인복지정책의 기초자료 및 장애인구 추계의 기초연구로 활용하는 것을 목적으로 함
[2015] 장애인활동지원제도 사후관리 평가 연구,2015-11-30,김경란,정책연구,978-89-6921-195-8(93330) ,장애인활동지원제도 사후관리 평가를 통해 제도의 효과성을 제고하고 개선방안을 제시하여 활동지원제도의 내실화를 마련함으로써 장애인의 자립생활을 향상시키는 것을 목적으로 함
[2015] 장애포괄적 재난관리체계 구축을 위한 기초 연구,2015-11-30,김승완,정책연구,978-89-6921-194-1(93330),본 연구는 인위적 재난과 자연적 재해 같은 국가 위기 상황에서 장애인을 고려하지 않은 현 국가위기관리 대응체계의 문제점을 살펴보고  장애포괄적 재난관리체계를 구축하기 위한 방안을 마련하는데 연구의 목적이 있음.
[2015] 2014 KODDI Policy Studies Overview on Disability,2015-09-30,나영희,2014 KODDI Policy Studies Overview on Disability,데이터 미집계,2014년에 정책연구실에서 수행한 24개 연구의 영문보고서를 발간하여 국외에 주요내용을 소개하고자 함
[2015] 장애인 권리보장에 관한 국제인권규범 연구,2015-05-31,전지혜,정책연구,978-89-6921-188-0(93330),장애인 권리보장에 관한 국제규범들의 등장배경을 살펴보고 5대 국제인권규범과 장애 특정적 국제인권규범에서의 장애인 권리보장을 분석하여 국제사회 인권규범의 흐름을 알아보았고  장애인의 권리보장을 위한 국제인권규범의 확장과 상후수용관계를 분석하여 앞으로의 장애인 권리보장을 위한 인권규범의 동향에 관하여 논의함
[2015] 중증장애인자립생활지원센터 현장 모니터링 보고서,2015-04-30,서해정,정책연구,978-89-6921-187-3(93330) ,본 연구는 중증장애인의 자립생활 역량강화와 지역사회에서의 다양한 사회참여 활동을 지원하는 자립생활센터의 현장 모니터링을 통해 운영실태를 파악하여 자립생활센터의 역할과 기능을 발전시킬 수 있는 방안을 모색하고자 수행됨
[2015] 2014 KODDI 연구요약집,2015-04-28,과제별 책임자,연구요약집,978-89-6921-186-6,본원에서 2014년 한해동안 수행한 연구보고서의 요약집
[2014] 농어촌 장애인주택개조사업 ,2014-12-31,김인순,데이터 미집계,데이터 미집계,데이터 미집계
[2014] 서울시 저소득 장애인 주거환경개선사업,2014-12-31,김인순,데이터 미집계,데이터 미집계,데이터 미집계
[2014] 고용에서의 장애차별 예방 매뉴얼,2014-12-31,최승철,정책연구,978-89-6921-179-8(93330),고용에서의 장애차별에 대한 사용자  장애를 가진 근로자 및 채용 지원자  다른 근로자 등의 인식 및 이해의 정도를 높이고 이를 통해 장애차별을 예방하며 고용에서 장애인이 자신의 권리를 주장하는 데 기여하는 것을 목적으로 함.
[2014] 시설유형별 장애인 편의시설 설치 등급 설정에 관한 연구,2014-12-31,김인순,연구보고서,978-89-6921-178-1,본 연구는 장애인 등의 시설이용약자가 일정 시설물을 이용하고자 할 때에 해당시설물의 기존 설치율 정보가 아닌 설치수준 정보로 변경할 수 있는 지표를 제시함으로써 개별시설물의 시설 이용수준을 좀 더 용이하게 파악할 수 있도록 하고자 함
[2014] 발달장애인 자조집단 사례분석 연구,2014-12-31,최복천,정책연구,978-89-6921-180-4(93330),국내 발달장애인 자조집단의 현황을 분석하고 발달장애인 자조집단의 발전적 토대 마련을 위한 지원방안을 모색하고자 함
[2014] 비장애 형제자매 실태조사 및 지원방안 연구,2014-12-31,최복천,정책,978-89-6921-183-5(93330),본 연구는 비장애 형제자매의 생애전반에 걸친 생활에서의 어려움 및 욕구를 살펴보고  비장애 형제자매에게 실질적인 지원이 이루어질 수 있는 정책방안을 도출하고자 수행되었다. 
[2014] EU 및 OECD 국가 장애인복지지표 연구,2014-12-31,조윤화,정책연구보고서,978-89-6921-184-2(93330),우리나라 장애인복지수준을 진단하고 장애인복지정책 수립의 방향에 기초자료 제공하는데 목적을 둠
[2014] 장애아 부모지원 가이드북 개발 연구,2014-12-31,조윤경,정책,978-89-6921-182-8(93330),본 매뉴얼은 장애아 부모를 상담하거나 대면할 수 있는 종사자들에게 실질적인 가이드라인을 제공하여 장애아 부모지원의 내용과 질을 향상시키고자 연구되었다.
[2014] 인천전략 지표 측정 데이터 구축 연구,2014-12-31,최승철,정책연구,978-89-6921-171-2(93330),본 연구는 인천전략 측정 지표별로 측정을 위한 데이터의 국내 보유 여부를 확인하여 보유한 데이터에 대해서는 해당 데이터를 이용한 지표 측정 방안을 제시하고  보유하지 않은 데이터에 대해서는 해당 데이터를 구축하는 방안을 제시함으로써 국가행동계획의 방향을 모색하는 차원에서 수행됨
[2014] 장애인자립자금대여사업 개선방안 연구,2014-12-31,박주영,정책연구,978-89-6921-173-6(93330),장애인의 자립과 생활안정을 위해 실시되는 장애인자립자금대여사업의 현황과 효과성을 분석하여 자립자금사업의 효과적인 운영방안 제시
[2014] 주요 선진국과 한국의 장애인 중장기정책계획 분석 연구,2014-12-26,김승완,정책연구,978-89-6921-174-3(93330)  ,본 연구는 주요 선진국의 장애인 중장기정책계획 사례를 RBA 접근방법을 통해 분석하여 시사점을 도출하고  이에 근거하여 우리나라 제4차 장애인정책종합계획을 크게 수립 과정  프레임워크  주요 내용 측면에서 분석하여 향후 계획에 반영되어야 할 사항을 제시하고자 함. 
[2014] 자립생활센터 운영실태조사 및 지원방안 연구,2014-12-19,서해정,정책연구,978-89-6921-172-9(93330),해외 선진국의 장애인자립생활운동 및 센터의 현황을 검토하고  전국 IL센터 조직 및 사업의 실태를 파악하여 이를 근거로 센터의 지원방안을 제안
[2014] 직업재활시설 실태조사 및 운영개선 연구,2014-12-12,이혜경,정책연구,978-89-6921-166-8(93330),장애인 직업재활시설 운영현황 등 구체적인 자료 축적을 통해 직업재활시설 운영지원과 정책개선을 위한 기초자료로 활용될 수 있는 기반을 마련하고자 함.
[2014] 정신장애인 지역사회통합 지원방안 연구,2014-11-30,조윤화,정책연구,978-89-6921-163-7(93330),정신장애인의 지역사회통합을 위한 지원방안 모색
[2014] 중증장애인생산품 우선구매제도 실효성 확보방안 연구,2014-11-30,이혜경,정책연구,978-89-6921-164-4(93330),국내·외에서 실시되고 있는 다양한 우선구매제도에 대한 분석과 공공기관 경영성과 평가지표의 개선안 제시 등을 통해 중증장애인생산품 우선구매제도의 실효성을 제고하고자 함.
[2014] 정부 부문 취업 중증 시각장애인의 고용안정 영향 요인 연구,2014-11-28,조성재(대구대학교 직업재활학과 교수),위탁연구,978-89-6921-165-1,연구의 목적은 중앙정부  지방자치단체  각 급 학교(맹학교는 제외) 등에 취업하여 근무하는 중증 시각장애인(시각장애 1∼4급)들의 취업안정성 향상 요인을 파악하는 데에 있다.
[2014] 활동보조인의 교육과정 개선에 관한 연구,2014-11-14,나영희,정책연구보고서,978-89-6921-161-3(93330),활동보조인의 교육과정 개선안 제시
[2014] 장애인 인식개선 가이드,2014-10-31,전동일,정책연구,978-89-6921-158-3(93330),본 가이드는 공무원들을 대상으로 장애인의 특성에 대해 설명하고  장애인 관련 법령에 근거하여 장애인 민원인에게 제공해야 하는 편의에 대해 설명하는 것이 목적임
[2014] 장애인거주시설 인권매뉴얼,2014-10-31,전동일,정책연구,978-89-6921-159-0(93330),본 매뉴얼은 장애인거주시설 종사자에게 부여된 의무교육의 내용과 더불어 인권 침해의 기준이 제시된 장애인 인권침해 예방 및 인권보장 교재를 개발하는데 목적이 있음.
[2014] 여성장애인 고용촉진을 위한 양질의 시간제 일자리 활성화 방안 연구,2014-10-31,김승완,정책연구,978-89-6921-157-6(93330),시간제 일자리가 여성장애인의 고용촉진에 어떠한 영향을 미치는지 정책도구 측면에서 분석하며  상대적으로 근로조건이 열악한 환경에서 근무하는 여성장애인근로자를 정책기제인 시간제 일자리를 통해서 고용을 활성화하고 '괜찮은 잡'으로 전환하기 위한 정책제언을 마련하고자 함
[2014] 한중일 장애아동 가족지원 정책비교,2014-09-30,김정희 ,연구보고서,978-89-6921-154-5(93330),본 연구에서는 한 중 일 장애아동 가족에 대한 관점의 공통점과 차이점  가족지원정책 내용의 공통점과 차이점을 비교하여 장애아동 가족지원정책 분야에서 한국에 대한 시사점을 도출함
[2014] 2013 KODDI 연구요약집,2014-03-26,각 연구과제별 연구책임자,연구요약집,978-89-6921-152-1(93330),본원에서 2013년 한해동안 수행한 연구보고서의 요약집
[2013] 중증 뇌병변 장애아동 및 가족 지원방안 연구,2014-01-10,최복천,연구보고서,978-89-6921-130-9,중증 뇌병변 장애아동과 가족의 어려움과 욕구에 대해 살펴봄으로써 그동안 사각지대에 있던 중증 뇌병변장애아동과 가족의 실태를 분석하고자 함. 또한 분석을 통해 중증 뇌병변장애아동과 가족의 특수한 욕구를 발견하고 적절한 지원방안을 모색하고자 함.
[2013] 발달장애인가족 사례관리 매뉴얼 개발 연구 ,2013-12-31,최복천,연구보고서,978-89-6921-131-6,발달장애인가족을 대상으로 하는 사례관리의 원칙과 방향성을 재정립하고 클라이언트 중심  가족 중심  지역사회 중심의 사례관리를 행하는데 있어 가이드라인이 될 수 있는 매뉴얼을 개발하여 현장 복지실천악의 역량을 강화하고자 함.
[2013] 2013  장애인백서,2013-12-31,나영희,장애인백서,978-89-6921-124-8,현재 진행되고 있는 장애인정책을 재조명하고 장애인복지 업무 및 정책 등을 체계적으로 종합할 수 있는 자료 제공을 목적으로 함
[2013] 서울시 저소득 장애인 주거환경개선사업,2013-12-31,김인순,데이터 미집계,데이터 미집계,데이터 미집계
[2013] 발달장애인 관점에서 바라본 이성관계의 의미와 실제,2013-12-31,최복천,연구보고서,978-89-6921-133-0(93330),발달장애인 당사자의 관점에서 부여하는 이성교제의 의미와 그들의 경험을 고찰하고자 함.
[2013] 중증장애인직업재활지원사업 성과와 발전방안 연구,2013-12-31,대구대학교 직업재활학과 교수 나운환,위탁연구보고서,978-89-6921-134-7(93330),중증장애인직업재활지원사업 성과 분석을 통해 경제적가치를 진단하고 실효성을 극대화할 수 있는 방안 제시
[2013] 2013년 장애인 정책연구 공모사업 연구보고서 요약집,2013-12-31,장애인단체,연구보고서,978-89-6921-132-3(93330),한국장애인개발원의 '장애인 정책연구 공모사업' 지원에 의해 장애인단체가 수행한 연구보고서의 요약집
[2013] 농어촌 장애인 주택개조지원사업,2013-12-31,김인순,데이터 미집계,데이터 미집계,데이터 미집계
[2013] 인천전략 지표에 대한 메타데이터 시트,2013-12-31,최승철,정책연구,978-89-6921-125-5(93330) , 연구는 유엔에스캅이 전문가 및 각국 정부와 협의하여 2014년 초까지 작성할 예정인 인천전략 지표의 데이터 축적을 위한 가이드북에 기여하기 위해 작성되었음.
[2013] 건축법 개정 마련을 위한 주출입구 높이차이제거 비용효과 분석 연구,2013-12-26,김인순,연구보고서,978-89-6921-129-3(93540),접근가능한 건축물을 만들어 시설물을 이용할 수 있도록 하고 내부편의시설의 접근을 통하여 장애인 등의 시설이용에 대한 체감율을 증가시킬 수 있도록 하기 위한 인식개선 및 실제 현장에서 사례로 적용가능한 자료로 활용하는데 목적이 있음
[2013] 동아시아 장애인복지정책 비교연구  -한국 중국 일본을 중심으로,2013-12-06,김정희,정책,978-89-6921-115-6(93330) ,동아시아 장애인복지정책 비교연구
[2013] 발달장애인 자조집단 지원 매뉴얼 ,2013-11-30,최복천,매뉴얼,978-89-6921-120-0(93330),발달장애인 자조집단을 지원하는 조력자들의 자조집단에 대한 이해를 돕고 자조집단 지원 시 참고가 되는 기준을 제공함으로써 조력자들의 업무 수월성을 높임. 
[2013] 장애아동 및 가족 실태조사,2013-11-30,최복천,연구보고서,978-89-6921-122-4,장애아동 및 가족의 어려움과 욕구에 대한 실태를 살펴보고  장애아동 및 가족에게 실질적인 지원이 이루어질 수 있는 정책방안을 도출하고자 함. 또한 「장애아동 복지지원법」제11조에 근거하여 하여 실시될 ‘장애아동복지실태조사’에 기초자료로 활용될 수 있도록 제시하고자 함. 
[2013] 해외 영유아 양육지원 프로그램 사례연구 - Parents as Teachers(PAT)를 중심으로,2013-11-30,조윤경,연구보고서,978-89-6921-121-7,해외의 선진사례프로그램(PAT)을 분석하여  한국형의 장애 영유아 양육지원프로그램을 개발하기 위한 논의의 기초를 마련하고  한국적 상황에서의 유의미성 및 필요성을 논하고자 함
[2013] 발달장애인 요양보호사 보조원 직무분석 및 직업배치 연구,2013-11-29,가톨릭대학교 박희찬 교수,위탁연구보고서,978-89-6921-118-7(93330),발달장애인의 직업영역 확대를 위한 적합일자리 직무분석 및 배치 방안 마련
[2013] 장애인편의시설 실태전수조사 보고서_본권,2013-11-29,김인순,연구보고서,978-89-97676-21-7(93330),장애인·노인·임산부등의 편의증진보장에 관한법률 제11조 및 동법 시행규칙 제4조에 의거 시설주관기관은 5년마다 장애인편의시설 설치실태에 대한 전수조사를 실시하여야 함
[2013] 난청인의 의사소통 증진을 위한 제도 개선 방안 연구,2013-11-08,전동일,연구보고서,978-89-6921-114-9(93330),본 연구는 최근 노령화의 급속한 진전으로 노인성 난청인이 증가하여  정책 수요가 확대될 것으로 예산되는 난청인의 언어생활과 지원제도를 점검함으로써 추가적인 정책 수요를 파악하고  난청인 의사소통 증진을 위한 제도 개선 방안을 제안하는데 목적이 있음. 
[2013] 직무보조인 지원사업 실태조사 및 활성화 방안 연구,2013-10-31,이혜경,연구보고서,978-89-6921-110-1,본원에서 수행하고 있는 직무보조인 지원사업의 현황과 실태를 다양한 측면에서 살펴보고  장애인 고용확대 및 유지를 위해 다각적 측면에서 발전적 방향을 모색함
[2013] 사회통합을 위한 장애주류화 관련 제도 도입방안 기초연구(1) ,2013-10-31,서해정,연구보고서,978-89-6921-113-2(94330),중앙정부 정책결정  실행  평가 과정 등에 장애주류화 가치를 반영하고  장애구분통계  장애영향  장애인지예산 분석 및 정책을 제언하고자 함
[2013] 스마트워크를 활용한 장애인 일자리 확대방안 연구,2013-10-31,전동일,연구보고서,978-89-6921-109-5,스마트워크를 활용한 장애인 일자리 확대 방안 도출
[2013] 중증장애인직업재활지원사업 평가지표 개선 연구,2013-10-31,이혜경,연구보고서,978-89-6921-111-8(93330),본 연구는 중증장애인직업재활지원사업 효율성 및 효과성을 제고하기 위해 평가지표를 개선하는데 목적이 있으며  선행연구에서 개발된 평가체계에 따라 장애인단체와 직업재활시설 중심의 평가지표를 개발하고자 함.
[2013] 성인발달장애인의 자립생활 지원방안 연구-전환서비스 중심으로,2013-10-22,최성일,연구보고서,978-89-6921-108-8(93330),본 연구는 국내외 선행연구를 고찰하여 발달장애인의 자립생활 및 전환지원과 관련한 문헌을 검토하고  델파이조사 및 심층면접을 통해 발달장애인의 전환기 자립생활 지원을 위한 기초자료를 제공하고  후속 연구의 토대를 마련함. 또한 연구결과를 통해 발달장애인의 자립생활을 위한 전환과정 지원 방안을 모색함
[2013] 복지디자인을 적용한 장애인 거주시설 모형 설계 연구,2013-09-30,이복실,연구보고서,978-89-6921-106-4(93330),본 연구는 거주환경 개선의 기초자료로 활용되도록 거주인의 삶의 질을 고려한 공간배치와 디자인 요소를 적용한 장애인 거주시설 모형을 개발함. 또한 적절한 사례와 평면도를 제시함으로써 장애인 거주시설 관련자들의 이해를 도와 실천현장에서 적극 활용할 수 있도록 함
[2013] 중고령장애인의 노후대비 실태와 지원방안 연구,2013-09-30,최성일,연구보고서,978-89-6921-105-7(93330),장애인의 고령화 대책 마련을 위한 기초자료 제공  중고령 장애인의 노후대비를 지원하기 위한 정책적 함의 도출
[2013] 교육에서의 장애차별 예방 매뉴얼 ,2013-09-30,최승철,정책연구,978-89-6921-107-1(93330),본 매뉴얼은 장애 차별에 대한 장애학생 및 학부모와 학교 당국의 인식 및 이해의 정도를 높이고 이를 통해 장애 차별을 예방하며 장애학생이 자신의 평등권을 제대로 요구하는 데 기여하는 것을 목적으로 작성하였음.
[2013] 성인 발달장애인 가족의 욕구 및 지원방안 연구,2013-08-30,이복실,연구보고서,978-89-6921-104-0(93330),본 연구에서는 현재 성인 발달장애인 가족이 직면하는 돌봄부담과 어려움수준과 실태를 파악하고 가족의 욕구를 분석함으로써 가족의 부담을 완화시킬 수 있는 지원방안을 제시하고자 함
[2013] 장애인 위기상황 대응매뉴얼 개발을 위한 기초연구,2013-07-11,권영숙,연구보고서,978-89-6921-102-6,국내 및 해외사례를 중심으로 각종 재해관련 하여 위기상황 대응 시스템 및 장애인에 대한 위기상황 대응매뉴얼 현황을 조사하여 국내의 장애 포괄적인 위기상황 대응매뉴얼 개발을 위한 기초자료를 확보하고자 함
[2012] 사법·행정·선거에서의 장애차별 예방 매뉴얼,2012-12-31,최승철,연구보고서,978-89-94262-04-8(93330),사법  행정  선거에서 장애인 차별 예방 관련 매뉴얼임
[2012] 장애아동 재활치료 제공기관 평가기준 및 지표개발,2012-12-31,전동일,비매품,978-89-94262-89-5(93330),첫째  바우처 재정 지원 방식에서의 평가 원리를 살펴보고 둘째  장애아동 재활치료 제공기관 평가방향을 도출하며 셋째  장애아동재활치료 제공기관 평가기준 및 지표를 개발하는데 있음
[2012] 중증장애인생산품우선구매제도 성과분석 연구,2012-12-31,박정남,연구보고서,데이터 미집계,중증장애인생산품우선구매제도 성과분석
[2012] 2012년 장애인정책기획단 연구자료집,2012-12-31,오혜경 외,연구보고서,978-89-94262-03-1(93330),급변하는 국내  외 장애환경 변화 속에서 장애인들의 다양한 요구를 수렴하고 장애인 정책수립에 필요한 제도개선 방안을 건의하기 위함
[2012] 중증장애인직업재활지원사업 평가체계 및 지표개선 연구,2012-12-31,이혜경,직업재활,978-89-94262-02-4(93330),장애인복지관  즉 직업재활센터  직업평가센터  직업재활프로그램 수행기관을 중심으로 연구를 수행하며  추후 직업재활시설과 장애인단체의 평가지표를 개선하고자 함
[2012] 직업재활서비스 표준모형 개발 및 원가분석 연구,2012-12-31,이혜경,연구보고서,978-89-94262-05-5(93330),장애인복지관  직업재활시설에서 수행되고 있는 주요 직업재활서비스를 분석  표준모형(안)을 모의적용함으로써  표준모형(안)의 신뢰성과 타당성을 검증함. 
[2012] 농어촌 장애인주택개조사업 ,2012-12-31,김인순,데이터 미집계,데이터 미집계,데이터 미집계
[2012] 서울시 저소득 장애인 주거환경개선사업,2012-12-31,김인순,데이터 미집계,데이터 미집계,데이터 미집계
[2012] 수화통역 실태 및 네트워크 구축방안 연구,2012-12-28,황주희,연구보고서,978-89-94262-91-8(93330),장애인차별금지법상에서의 '인적편의 제공' 의미를 가진 기관에서의 적절한 수화통역서비스 제공방안을 마련하기 위해 현행 수화통역서비스 실태 및 현황을 파악하고  청각장애인을 위한 수화통역 서비스의 원할한 제공을 위한 연구
[2012] 중증장애아동 돌봄지원서비스 개편방안 연구,2012-11-30,김정희,연구보고서,978-89-94262-90-1(93330),상시적인 돌봄이 요구되는 장애아동 가족의 돌봄부담 경감과 가족안정성 강화를 위해  현재 시행되고 있는 중증장애아동 돌봄지원 서비스 이용자 및 제공자의 서비스 실태를 파악하고 실효성 있는 돌봄지원 서비스 개편방안을 제시함
[2012] 장애인백서,2012-11-30,김정희 외,연구보고서,978-89-94262-96-3(93330), 1) 장애인복지 정책의 변화 추이를 통한 예산 확보 및 기초자료 마련   2)일관성 있는 장애인관련 자료 확보 및 DB의 지속적 관리  3)장애인복지 정책에 대한 정부의 실천적 노력 및 이행 강조
[2012] 공적개발원조의 장애주류화 방안 연구,2012-11-30,황주희,비매품,978-89-94262-93-2(93330),장애주류화를 위한 국제 동향 파악  한국의 개발에 있어 장애주류화를 위한 전제 조건 및 실행 가능한 사업의 내용을 제시
[2012] 후천적 장애발생 원인에 따른 대응과제,2012-11-30,전동일,비매품,978-89-94262-88-8(93330),질병  사고  재해로부터 발생한 사회적 위험에 대한 대응으로 발전해 온 장애관련제도 분석을 통해 장애 제도의 체계화의 가능성을 타진하고 대응과제를 도출
[2012] 성년후견제도의 이해,2012-10-31,전동일,비매품,978-89-94262-85-7(93330),성년후견인제도에 관한 전반적인 소개
[2012] 취약계층에 대한 성년후견서비스 지원방안 연구,2012-10-31,전동일,정책연구,978-89-94262-84-0(93330),성년후견제도를 이용하기 어렵다고 예상되는 취약계층 장애인에 대한 성년후견서비스 지원 방안을 도출
[2012] 직업재활시설 평가기준 개발에 관한 연구,2012-09-30,이혜경,연구보고서,978-89-94262-83-3(93330),직업재활시설 평가를 위해 평가체계에 대한 전반적 개선과 더불어 평가기준을 개선하고 평가결과를 적절히 활용함으로써 직업재활시설 운영의 효율성을 높이고자 함
[2011] 농어촌 장애인 주거환경개선사업,2011-12-31,김인순,데이터 미집계,데이터 미집계,데이터 미집계
[2011] 중증장애인 직업재활서비스 원가분석 연구,2011-12-30,박희찬,연구보고서,978-89-94262-68-0(93330),직업재활서비스를 제공하는 기관의 직업재활서비스 비용을 조사하여 그 현황을 분석하고  직업재활서비스 원가분석을 실시하여 단위비용을 산출하고자 함. 이로써 직업재활예산지원의 합리적인 근거를 마련하고  체계적인 성과측정 및 관리가 가능하고  장애인의 욕구에 맞는 직업재활서비스를 지원하기 위한 다양하고 탄력적인 예산지원방식을 도입하는데 필요한 기초자료를 마련하고자 함
[2011] 중증장애인직업재활지원사업 개선방안 연구,2011-12-30,이혜경,연구보고서,978-89-94262-64-2(93330),중증지원사업의 효율성을 지원기관과 미지원기관간의 재정 및 사업실적을 비교분석하고 중증지원사업의 차별성과 예산집행 운영 개선방안 등 중증지원사업의 개선방안에 대해 제시하고  중증장애인들의 직업재활과 고용을 보다 활성화하기 위해 중증지원사업의 새로운 변화방안을 모색하고자 함
[2011] 장애아동 재활치료 이용의 접근성 향상에 관한 연구 ,2011-11-30,강민희,정책연구,데이터 미집계,장애아동 재활치료사업의 현황과 문제점을 접근성 측면에서 조명하고  장애아동 재활치료 이용의 접근성 향상을 위한 현실적인 해결방안과 대안을 모색하고자 함.
[2011] 직업재활시설 실태조사,2011-11-30,이혜경,연구보고서,978-89-94262-63-5(93330),직업재활시설의 운영 실태를 파악하고 유형별  지역별 특성에 따른 분석을 통해 직업재활시설에 대한 포괄적 자료를 구축하며 정책제언을 위한 기초자료로 삼고자 함
[2011] 중증장애인생산품 생산시설 생산성 분석 및 발전방안 연구,2011-09-30,이혜경,연구보고서,978-89-94262-51-2,중증장애인생산품시설의 운영실태 파악 및 생산능력 분석  의무구매기관의 구매현황과 구매욕구 분석을 통하여 중증장애인생산품시설의 발전방안을 제시하고자 함
[2011] 장애인복지관의 재난방지를 위한 건축물 설계기준 및 피난기준 설정에 관한 연구,2011-09-20,김인순,연구보고서,978-89-94262-50-5,재난시 건축물 이용자 중 장애인 등 사회적약자의 안전한 피난이 가능하도록 함으로써 재난으로부터 인명피해를 최소화하기 위한 연구
[2010] 뇌성마비인 직업재활서비스 지원방안 연구,2010-12-31,이미정,연구보고서,978-89-94262-35-2(13330),뇌성마비인의 신체적  심리적  직업적 특성을 분석하는 동시에 뇌성마비인의 직업실태와 욕구 등을 파악하여 뇌성마비인의 직업재활 활성화를 위한 직업재활서비스 지원방안을 모색함
[2010] 중증장애인 다수고용사업장 평가 및 발전방안 연구,2010-12-31,강민희,연구보고서,978-89-94262-39-0,다수고용사업장 시범사업에 대한 평가와 다수고용사업장이 소규모 직업재활시설 운영형태를 탈피한 새로운 직업재활시설 모델 개발로 다수의 중증 장애인 보호고용을 위한 효과적인 대안으로 기능할 수 있는 방안을 모색하고자 함
[2010] 중증장애인 생활실태조사,2010-12-29,김정희,연구보고서,978-89-94262-41-3(93330),중증장애인복지 통계DB 구축의 연계성 및 지속성 확보와 중증장애인을 위한 정책 환경 변화에 따른 실태조사 영역 세분화
[2010] 직업재활프로그램사업 현황분석 및 수행기관 평가지표 개발 연구,2010-11-29,이상진,연구보고서,데이터 미집계,직업재활프로그램사업 수행기관 사업현황 분석을 토대로 사업효과를 분석하여 수행기관 평가지표와 지표활용방법을 개발  직업재활프로그램사업의 개선 및 확대 방안  직업재활프로그램사업의 새로운 유형모델화 등을 제시함
[2010] 중증장애인 가족지원 방안 연구-중증장애인 부부지원을 중심으로,2010-08-31,이용복,연구보고서,데이터 미집계,중증장애인 부부 가정의 가족이 경험하는 결혼생활 및 자녀양육 등의 어려움과 문제의 심각성을 파악하여 중증장애인 가족지원 방안을 구축하고자 함
[2009] 시각장애인 직업선택의 다양성 확보를 위한 제도개선 방안 연구 ,2009-12-31,이미정,연구보고서,978-89-94262-11-6(13330),시각장애인의 취업지원 연계체계 구축과 직업선택의 다양성을 확보하기 위한 제도개선을 제시하는 것을 목적으로 함
[2009] 중증장애인생산품 우선구매제도 활성화 연구,2009-12-30,이혜경,연구보고서,데이터 미집계,장애인생산품 우선구매 의무자인 국가 및 지방자치단체  공공기관의 구매실태 및 구매욕구 등에 대한 파악을 통해 중증장애인생산품 우선구매의 활성화 방안을 모색하고자 함
[2009] 청각장애인의 직업적응능력 향상을 위한 지원방안 연구,2009-11-30,이준우,연구보고서,978-89-94262-14-7(13330),청각장애인이 경험하는 직업적응과 관련된 어려움의 실태를 파악하고  학령기 경험을 바탕으로 성인기 직업적응 문제의 원인을 분석해서 직업적응능력 향상을 위한 실천적 제도 개선 방안을 제시하고자함
[2009] 중증장애인직업재활지원사업 수행기관 평가현황 분석 및 평가지표 연구,2009-09-30,오혜경,연구보고서,데이터 미집계,2010년 중증장애인직업재활지원사업 수행기관 평가를 앞두고 기존의 평가현황을 분석하고 평가체계 및 지표를 개발하고자 함
[2009] 시각 및 청각장애인 직업능력개발 연구,2009-03-31,김영일,연구보고서,데이터 미집계,우리나라 시각 및 청각장애인의 고용촉진을 위한 직업능력개발 활성화 방안을 제시하고자 함
[2009] 장애인직업재활시설 운영실태 분석 및 효율성 제고방안 연구,2009-03-16,이달엽,연구보고서,데이터 미집계,직업재활 시설의 운영실태 기초조사와 시설기능보강과 시설운영비 예산지원  투입된 인력과 자원 등에 관한 비용/편익에 의해 사회적·경제적 효용성에 대한 심층 분석으로 시설의 책임성과 윤리성을 강화하고 효율성 제고에 필요한 자료와 정보 분석을 도모하고자함
